num;id;box;genus;sp;ssp;sex;form
1;EL72409;B0003912;Ornithoptera;alexandrae;-;M;
2;EL72410;B0003912;Ornithoptera;alexandrae;-;M;
3;EL72411;B0003913;Ornithoptera;alexandrae;-;F;
4;EL72412;B0003913;Ornithoptera;alexandrae;-;F;
5;EL72413;B0003914;Ornithoptera;victoriae;victoriae;M;
6;EL72414;B0003914;Ornithoptera;victoriae;rubianus;M;
7;EL72415;B0003914;Ornithoptera;victoriae;victoriae;F;
8;EL72416;B0003914;Ornithoptera;victoriae;victoriae;F;
9;EL72417;B0003915;Ornithoptera;aesacus;-;M;
10;EL72418;B0003915;Ornithoptera;aesacus;-;F;
11;EL72419;B0003915;Ornithoptera;priamus;priamus;M;
12;EL72420;B0003915;Ornithoptera;priamus;priamus;M;
13;EL72421;B0003916;Ornithoptera;priamus;priamus;F;
14;EL72422;B0003916;Ornithoptera;priamus;priamus;F;
15;EL72423;B0003917;Ornithoptera;croesus;croesus;M;
16;EL72424;B0003917;Ornithoptera;croesus;croesus;M;
17;EL72425;B0003918;Ornithoptera;croesus;croesus;F;
18;EL72426;B0003918;Ornithoptera;croesus;croesus;F;
19;EL72427;B0003919;Ornithoptera;goliath;procus;M;
20;EL72428;B0003920;Ornithoptera;goliath;supremus;M;
21;EL72429;B0003919;Ornithoptera;goliath;procus;F;
22;EL72430;B0003920;Ornithoptera;goliath;supremus;F;
23;EL72431;B0003921;Ornithoptera;rothschildi;-;M;
24;EL72432;B0003921;Ornithoptera;rothschildi;-;M;
25;EL72433;B0003921;Ornithoptera;rothschildi;-;F;
26;EL72434;B0003921;Ornithoptera;rothschildi;-;F;
27;EL72435;B0003922;Ornithoptera;chimaera;chimaera;M;
28;EL72436;B0003922;Ornithoptera;chimaera;chimaera;M;
29;EL72437;B0003922;Ornithoptera;chimaera;chimaera;F;
30;EL72438;B0003922;Ornithoptera;chimaera;chimaera;F;
31;EL72439;B0003923;Ornithoptera;richmondia;-;M;
32;EL72440;B0003923;Ornithoptera;richmondia;-;M;
33;EL72441;B0003923;Ornithoptera;richmondia;-;F;
34;EL72442;B0003923;Ornithoptera;richmondia;-;F;
35;EL72443;B0003924;Ornithoptera;euphorion;-;M;
36;EL72444;B0003924;Ornithoptera;euphorion;-;M;
37;EL72445;B0003925;Ornithoptera;euphorion;-;F;
38;EL72446;B0003925;Ornithoptera;euphorion;-;F;
39;EL72447;B0003926;Ornithoptera;goliath;samson;M;
40;EL72448;B0003926;Ornithoptera;goliath;samson;M;
41;EL72449;B0003926;Ornithoptera;goliath;-;F;
42;EL72450;B0003926;Ornithoptera;goliath;-;F;
43;EL72451;B0003927;Ornithoptera;tithonus;tithonus;M;
44;EL72452;B0003927;Ornithoptera;tithonus;misreniana;M;
45;EL72453;B0003927;Ornithoptera;tithonus;misreniana;F;
46;EL72454;B0003927;Ornithoptera;tithonus;misreniana;F;
47;EL72455;B0003928;Ornithoptera;paradisea;paradisea;M;
48;EL72456;B0003928;Ornithoptera;paradisea;paradisea;M;
49;EL72457;B0003928;Ornithoptera;paradisea;paradisea;F;
50;EL72458;B0003928;Ornithoptera;paradisea;paradisea;F;
51;EL72459;B0003929;Ornithoptera;meridionalis;-;F;
52;EL72460;B0003929;Ornithoptera;meridionalis;tarunggarensis;M;
53;EL72461;B0003930;Baronia;brevicornis;-;M;
54;EL72462;B0003930;Baronia;brevicornis;-;M;
55;EL72463;B0003930;Baronia;brevicornis;-;F;
56;EL72464;B0003931;Papilio;rex;abyssinicana;M;
57;EL72465;B0003931;Papilio;rex;abyssinicana;M;
58;EL72466;B0003931;Papilio;rex;abyssinicana;F;
59;EL72467;B0003931;Papilio;rex;abyssinicana;F;
60;EL72468;B0003932;Papilio;phorcas;phorcas;M;
61;EL72469;B0003932;Papilio;phorcas;phorcas;M;
62;EL72470;B0003933;Papilio;phorcas;phorcas;F;
63;EL72471;B0003933;Papilio;phorcas;phorcas;F;
64;EL72472;B0003934;Papilio;constantinus;-;Ind;
65;EL72473;B0003934;Papilio;constantinus;-;Ind;
66;EL72474;B0003934;Papilio;constantinus;-;Ind;
67;EL72475;B0003934;Papilio;constantinus;-;Ind;
68;EL72476;B0003935;Papilio;meriones;-;M;
69;EL72477;B0003935;Papilio;meriones;-;M;
70;EL72478;B0003936;Papilio;meriones;-;F;
71;EL72479;B0003936;Papilio;meriones;-;F;
72;EL72480;B0003937;Papilio;dardanus;dardanus;M;
73;EL72481;B0003937;Papilio;dardanus;dardanus;M;
74;EL72482;B0003938;Papilio;dardanus;dardanus;F;
75;EL72483;B0003938;Papilio;dardanus;dardanus;F;
76;EL72484;B0003939;Papilio;lormieri;lormieri;M;
77;EL72485;B0003939;Papilio;lormieri;lormieri;M;
78;EL72486;B0003940;Papilio;lormieri;lormieri;F;
79;EL72487;B0003940;Papilio;lormieri;lormieri;F;
80;EL72488;B0003941;Papilio;demodocus;demodocus;M;
81;EL72489;B0003941;Papilio;demodocus;demodocus;M;
82;EL72490;B0003942;Papilio;demodocus;demodocus;M;
83;EL72491;B0003945;Papilio;demodocus;demodocus;M;
84;EL72492;B0003945;Papilio;demodocus;demodocus;M;
85;EL72493;B0003943;Papilio;demodocus;demodocus;F;
86;EL72494;B0003943;Papilio;demodocus;demodocus;F;
87;EL72495;B0003943;Papilio;demodocus;demodocus;F;
88;EL72496;B0003944;Papilio;demodocus;demodocus;F;
89;EL72497;B0003944;Papilio;demodocus;demodocus;F;
90;EL72358;B0003903;Iphiclides;feisthamelii;lotteri;M;
91;EL72359;B0003903;Iphiclides;feisthamelii;lotteri;F;
92;EL72360;B0003903;Iphiclides;feisthamelii;lotteri;F;
93;EL72361;B0003904;Iphiclides;feisthamelii;lotteri;F;
94;EL72362;B0003904;Iphiclides;feisthamelii;lotteri;F;
95;EL72363;B0003905;Iphiclides;feisthamelii;feisthamelii;F;
96;EL72364;B0003906;Iphiclides;feisthamelii;feisthamelii;M;
97;EL72365;B0003906;Iphiclides;feisthamelii;feisthamelii;M;
98;EL72366;B0003907;Iphiclides;feisthamelii;feisthamelii;M;
99;EL72367;B0003907;Iphiclides;feisthamelii;feisthamelii;M;
100;EL72368;B0003240;Iphiclides;podalirius;pseudopersica;M;
101;EL72369;B0003240;Iphiclides;podalirius;pseudopersica;M;
102;EL72370;B0003240;Iphiclides;podalirius;pseudopersica;M;
103;EL72371;B0003240;Iphiclides;podalirius;pseudopersica;M;
104;EL72372;B0003242;Iphiclides;podalirius;pseudopersica;M;
105;EL72373;B0003908;Iphiclides;podalirius;intermedia;M;
106;EL72374;B0003908;Iphiclides;podalirius;intermedia;M;
107;EL72375;B0003908;Iphiclides;podalirius;intermedia;M;
108;EL72376;B0003908;Iphiclides;podalirius;intermedia;M;
109;EL72377;B0003908;Iphiclides;podalirius;intermedia;F;
110;EL72378;B0003908;Iphiclides;podalirius;zanclaeus;F;
111;EL72379;B0003908;Iphiclides;podalirius;zanclaeus;M;
112;EL72380;B0003908;Iphiclides;podalirius;zanclaeus;M;
113;EL72381;B0003908;Iphiclides;podalirius;zanclaeus;M;
114;EL72382;B0003910;Iphiclides;podalirius;zanclaeus;M;
115;EL72383;B0003908;Iphiclides;podalirius;creta;M;
116;EL72384;B0003908;Iphiclides;podalirius;creta;M;
117;EL72385;B0003908;Iphiclides;podalirius;creta;F;
118;EL72386;B0003908;Iphiclides;podalirius;creta;M;
119;EL72387;B0003908;Iphiclides;podalirius;creta;F;
120;EL72388;B0003909;Iphiclides;podalirius;vadesiaca;M;
121;EL72389;B0003909;Iphiclides;podalirius;vadesiaca;M;
122;EL72390;B0003909;Iphiclides;podalirius;vadesiaca;F;
123;EL72391;B0003909;Iphiclides;podalirius;vadesiaca;F;
124;EL72392;B0003909;Iphiclides;podalirius;vadesiaca;F;
125;EL72393;B0003910;Iphiclides;podalirius;elongata;M;
126;EL72394;B0003910;Iphiclides;podalirius;elongata;F;
127;EL72395;B0003910;Iphiclides;podalirius;elongata;F;
128;EL72396;B0003911;Iphiclides;podalirius;centralasiae;F;
129;EL72397;B0003911;Iphiclides;podalirius;centralasiae;M;
130;EL72398;B0003911;Iphiclides;podalirius;centralasiae;F;
131;EL72399;B0003911;Iphiclides;podalirius;centralasiae;M;
132;EL72400;B0003911;Iphiclides;podalirius;centralasiae;F;
133;EL72401;B0003911;Iphiclides;podalirius;flaccidus;M;
134;EL72402;B0003911;Iphiclides;podalirius;juldusa;F;
135;EL72403;B0003911;Iphiclides;podalirius;juldusa;F;
136;EL72404;B0003241;Iphiclides;podalirius;flammaeus;M;
137;EL72405;B0003238;Iphiclides;podalirius;flammaeus;F;
138;EL72406;B0003237;Iphiclides;podalirius;flammaeus;M;
139;EL72407;B0003233;Iphiclides;podalirius;flammaeus;M;
140;EL72408;B0003233;Iphiclides;podalirius;flammaeus;M;
141;EL72498;B0003946;Papilio;delalandei;-;M;
142;EL72499;B0003946;Papilio;delalandei;-;M;
143;EL72500;B0003947;Papilio;delalandei;-;F;
144;EL72501;B0003947;Papilio;delalandei;-;F;
145;EL72502;B0003948;Papilio;erithonioides;-;M;
146;EL72503;B0003948;Papilio;erithonioides;-;M;
147;EL72504;B0003948;Papilio;erithonioides;-;M;
148;EL72505;B0003948;Papilio;erithonioides;-;M;
149;EL72506;B0003948;Papilio;erithonioides;-;M;
150;EL72507;B0003949;Papilio;demoleus;demoleus;M;
151;EL72508;B0003949;Papilio;demoleus;demoleus;F;
152;EL72509;B0003949;Papilio;demoleus;demoleus;M;
153;EL72510;B0003949;Papilio;demoleus;demoleus;F;
154;EL72511;B0004500;Papilio;demoleus;demoleus;M;
155;EL72512;B0004500;Papilio;demoleus;demoleus;F;
156;EL72513;B0004500;Papilio;demoleus;demoleus;M;
157;EL72514;B0004501;Papilio;demoleus;demoleus;F;
158;EL72515;B0004502;Papilio;demoleus;demoleus;F;
159;EL72516;B0004502;Papilio;demoleus;demoleus;M;
160;EL72517;B0004503;Papilio;grosesmithi;-;M;
161;EL72518;B0004503;Papilio;grosesmithi;-;F;
162;EL72519;B0004503;Papilio;grosesmithi;-;F;
163;EL72520;B0004503;Papilio;grosesmithi;-;F;
164;EL72521;B0004503;Papilio;grosesmithi;-;M;
165;EL72522;B0004503;Papilio;grosesmithi;-;M;
166;EL72523;B0004503;Papilio;grosesmithi;-;F;
167;EL72524;B0004503;Papilio;grosesmithi;-;M;
168;EL72525;B0004503;Papilio;grosesmithi;-;M;
169;EL72526;B0004503;Papilio;grosesmithi;-;F;
170;EL72527;B0004504;Papilio;morondavana;-;M;
171;EL72528;B0004504;Papilio;morondavana;-;M;
172;EL72529;B0004504;Papilio;morondavana;-;M;
173;EL72530;B0004504;Papilio;morondavana;-;F;
174;EL72531;B0004504;Papilio;morondavana;-;F;
175;EL72532;B0004504;Papilio;morondavana;-;M;
176;EL72533;B0004504;Papilio;morondavana;-;M;
177;EL72534;B0004504;Papilio;morondavana;-;F;
178;EL72535;B0004504;Papilio;morondavana;-;F;
179;EL72536;B0004505;Papilio;epiphorbas;-;M;
180;EL72537;B0004505;Papilio;epiphorbas;-;M;
181;EL72538;B0004506;Papilio;epiphorbas;-;F;
182;EL72539;B0004506;Papilio;epiphorbas;-;F;
183;EL72540;B0004507;Papilio;nobilis;nobilis;M;
184;EL72541;B0004507;Papilio;nobilis;nobilis;M;
185;EL72542;B0004508;Papilio;nobilis;nobilis;F;
186;EL72543;B0004508;Papilio;nobilis;nobilis;F;
187;EL72544;B0004509;Papilio;oribazus;-;M;
188;EL72545;B0004509;Papilio;oribazus;-;M;
189;EL72546;B0004510;Papilio;oribazus;-;F;
190;EL72547;B0004510;Papilio;oribazus;-;F;
191;EL72548;B0004511;Papilio;demolion;demolion;M;
192;EL72549;B0004511;Papilio;demolion;demolion;M;
193;EL72550;B0004511;Papilio;demolion;demolion;M;
194;EL72551;B0004511;Papilio;demolion;demolion;M;
195;EL72552;B0004512;Papilio;demolion;demolion;M;
196;EL72553;B0004512;Papilio;demolion;demolion;F;
197;EL72554;B0004513;Papilio;demolion;demolion;F;
198;EL72555;B0004513;Papilio;demolion;demolion;F;
199;EL72556;B0004513;Papilio;demolion;demolion;F;
200;EL72557;B0004513;Papilio;demolion;demolion;F;
201;EL72558;B0004514;Papilio;noblei;-;M;
202;EL72559;B0004514;Papilio;noblei;-;M;
203;EL72560;B0004514;Papilio;noblei;-;M;
204;EL72561;B0004514;Papilio;noblei;-;F;
205;EL72562;B0004515;Papilio;gigon;gigon;M;
206;EL72563;B0004515;Papilio;gigon;gigon;M;
207;EL72564;B0004515;Papilio;gigon;gigon;M;
208;EL72565;B0004515;Papilio;gigon;gigon;M;
209;EL72566;B0004515;Papilio;gigon;gigon;M;
210;EL72567;B0004515;Papilio;gigon;gigon;F;
211;EL72568;B0004515;Papilio;gigon;gigon;F;
212;EL72569;B0004516;Papilio;gigon;gigon;F;
213;EL72570;B0004517;Papilio;polytes;polytes;M;
214;EL72571;B0004517;Papilio;polytes;polytes;M;
215;EL72572;B0004517;Papilio;polytes;polytes;M;
216;EL72573;B0004518;Papilio;polytes;polytes;M;
217;EL72574;B0004517;Papilio;polytes;polytes;M;
218;EL72575;B0004518;Papilio;polytes;polytes;F;
219;EL72576;B0004518;Papilio;polytes;polytes;F;
220;EL72577;B0004518;Papilio;polytes;polytes;F;
221;EL72578;B0004518;Papilio;polytes;polytes;F;
222;EL72579;B0004518;Papilio;polytes;polytes;F;
223;EL72580;B0004519;Papilio;protenor;protenor;M;
224;EL72581;B0004519;Papilio;protenor;protenor;F;
225;EL72582;B0004519;Papilio;protenor;protenor;F;
226;EL72583;B0004519;Papilio;protenor;protenor;F;
227;EL72584;B0004519;Papilio;protenor;protenor;F;
228;EL72585;B0004519;Papilio;protenor;protenor;F;
229;EL72586;B0004520;Papilio;protenor;protenor;M;
230;EL72587;B0004520;Papilio;protenor;protenor;M;
231;EL72588;B0004520;Papilio;protenor;protenor;M;
232;EL72589;B0004520;Papilio;protenor;protenor;M;
233;EL72590;B0004521;Papilio;memnon;memnon;M;
234;EL72591;B0004521;Papilio;memnon;memnon;M;
235;EL72592;B0004521;Papilio;memnon;memnon;M;
236;EL72593;B0004521;Papilio;memnon;memnon;M;
237;EL72594;B0004521;Papilio;memnon;memnon;M;
238;EL72595;B0004522;Papilio;memnon;memnon;F;leomedon
239;EL72596;B0004523;Papilio;memnon;memnon;F;gyrtia
240;EL72597;B0004523;Papilio;memnon;memnon;F;hiera
241;EL72598;B0004524;Papilio;memnon;memnon;F;dobera
242;EL72599;B0004524;Papilio;memnon;memnon;F;isarcha
243;EL72600;B0004524;Papilio;memnon;memnon;F;imperiosa
244;EL72601;B0004524;Papilio;memnon;memnon;F;achates
245;EL72602;B0004525;Papilio;memnon;memnon;F;venusia
246;EL72603;B0004526;Papilio;oenomaus;oenomaus;M;
247;EL72604;B0004527;Papilio;rumanzovia;-;M;
248;EL72605;B0004527;Papilio;rumanzovia;-;M;
249;EL72606;B0004527;Papilio;rumanzovia;-;M;
250;EL72607;B0004527;Papilio;rumanzovia;-;M;
251;EL72608;B0004527;Papilio;rumanzovia;-;M;
252;EL72609;B0004528;Papilio;rumanzovia;-;F;semperinus
253;EL72610;B0004528;Papilio;rumanzovia;-;F;obscura
254;EL72611;B0004528;Papilio;rumanzovia;-;F;eubalia
255;EL72612;B0004528;Papilio;rumanzovia;-;F;semperinus
256;EL72613;B0004528;Papilio;deiphobus;deiphobus;M;
257;EL72614;B0004528;Papilio;deiphobus;deiphobus;M;
258;EL72615;B0004528;Papilio;deiphobus;deiphobus;M;
259;EL72616;B0004528;Papilio;deiphobus;deiphobus;M;
260;EL72617;B0004528;Papilio;deiphobus;deiphobus;M;
261;EL72618;B0004529;Papilio;deiphobus;deiphobus;F;hypoxanthos
262;EL72619;B0004529;Papilio;deiphobus;deiphobus;F;hypoxanthos
263;EL72620;B0004529;Papilio;deiphobus;deiphobus;F;flava
264;EL72621;B0004529;Papilio;deiphobus;deiphobus;F;flava
265;EL72622;B0004529;Papilio;deiphobus;deiphobus;F;flava
266;EL72623;B0004530;Papilio;forbesi;-;M;
267;EL72624;B0004530;Papilio;forbesi;-;M;
268;EL72625;B0004530;Papilio;forbesi;-;M;
269;EL72626;B0004530;Papilio;forbesi;-;M;
270;EL72627;B0004530;Papilio;forbesi;-;M;
271;EL72628;B0004531;Papilio;thaiwanus;-;M;
272;EL72629;B0004531;Papilio;thaiwanus;-;M;
273;EL72630;B0004531;Papilio;thaiwanus;-;M;
274;EL72631;B0004531;Papilio;thaiwanus;-;M;
275;EL72632;B0004531;Papilio;thaiwanus;-;M;
276;EL72633;B0004532;Papilio;macilentus;-;M;
277;EL72634;B0004532;Papilio;macilentus;-;M;
278;EL72635;B0004532;Papilio;macilentus;-;M;
279;EL72636;B0004532;Papilio;macilentus;-;M;
280;EL72637;B0004532;Papilio;macilentus;-;M;
281;EL72638;B0004532;Papilio;macilentus;-;F;
282;EL72639;B0004533;Papilio;nephelus;sunatus;M;
283;EL72640;B0004533;Papilio;nephelus;sunatus;M;
284;EL72641;B0004533;Papilio;nephelus;sunatus;F;
285;EL72642;B0004533;Papilio;nephelus;albolineatus;F;
286;EL72643;B0004534;Papilio;nephelus;albolineatus;M;
287;EL72644;B0004534;Papilio;nephelus;albolineatus;M;
288;EL72645;B0004534;Papilio;nephelus;nephelus;M;
289;EL72646;B0004534;Papilio;nephelus;nephelus;M;
290;EL72647;B0004534;Papilio;nephelus;nephelus;M;
291;EL72648;B0004535;Papilio;mahadeva;mahadeva;M;
292;EL72649;B0004535;Papilio;mahadeva;mahadeva;M;
293;EL72650;B0004535;Papilio;mahadeva;mahadeva;M;
294;EL72651;B0004535;Papilio;mahadeva;mahadeva;F;
295;EL72652;B0004536;Papilio;mahadeva;mahadeva;M;
296;EL72653;B0004536;Papilio;mahadeva;mahadeva;M;
297;EL72654;B0004537;Papilio;aegeus;aegeus;M;
298;EL72655;B0004537;Papilio;aegeus;aegeus;M;
299;EL72656;B0004537;Papilio;aegeus;aegeus;M;
300;EL72657;B0004537;Papilio;aegeus;aegeus;M;
301;EL72658;B0004537;Papilio;aegeus;aegeus;M;
302;EL72659;B0004538;Papilio;aegeus;aegeus;F;
303;EL72660;B0004538;Papilio;aegeus;aegeus;F;
304;EL72661;B0004538;Papilio;aegeus;aegeus;F;
305;EL72662;B0004538;Papilio;aegeus;aegeus;F;
306;EL72663;B0004538;Papilio;aegeus;aegeus;F;
307;EL72664;B0004539;Papilio;gambrisius ;gambrisius ;M;
308;EL72665;B0004539;Papilio;gambrisius ;gambrisius ;M;
309;EL72666;B0004539;Papilio;gambrisius ;gambrisius ;M;
310;EL72667;B0004539;Papilio;gambrisius ;gambrisius ;M;
311;EL72668;B0004539;Papilio;gambrisius ;gambrisius ;F;
312;EL72669;B0004540;Papilio;bridgei;bridgei;M;
313;EL72670;B0004540;Papilio;bridgei;bridgei;M;
314;EL72671;B0004540;Papilio;bridgei;bridgei;M;
315;EL72672;B0004540;Papilio;bridgei;bridgei;F;
316;EL72673;B0004540;Papilio;bridgei;gorei;F;
317;EL72674;B0004541;Papilio;bridgei;ortegae;M;
318;EL72675;B0004541;Papilio;bridgei;ortegae;F;
319;EL72676;B0004541;Papilio;bridgei;prospero;M;
320;EL72677;B0004541;Papilio;bridgei;prospero;F;
321;EL72678;B0004541;Papilio;bridgei;hecataeus;F;
322;EL72679;B0004542;Papilio;tydeus;tydeus;M;
323;EL72680;B0004542;Papilio;tydeus;tydeus;M;
324;EL72681;B0004542;Papilio;tydeus;tydeus;M;
325;EL72682;B0004542;Papilio;tydeus;tydeus;M;
326;EL72683;B0004542;Papilio;tydeus;tydeus;M;
327;EL72684;B0004542;Papilio;tydeus;tydeus;F;
328;EL72685;B0004542;Papilio;tydeus;tydeus;F;
329;EL72686;B0004542;Papilio;tydeus;tydeus;F;
330;EL72687;B0004543;Papilio;hipponous;lunifer;F;
331;EL72688;B0004543;Papilio;hipponous;lunifer;M;
332;EL72689;B0004543;Papilio;hipponous;lunifer;M;
333;EL72690;B0004543;Papilio;pitmani;-;M;
334;EL72691;B0004543;Papilio;pitmani;-;M;
335;EL72692;B0004543;Papilio;pitmani;-;M;
336;EL72693;B0004543;Papilio;pitmani;-;M;
337;EL72694;B0004544;Papilio;albinus;albinus;M;
338;EL72695;B0004544;Papilio;albinus;albinus;M;
339;EL72696;B0004544;Papilio;albinus;albinus;M;
340;EL72697;B0004545;Papilio;helenus;helenus;M;
341;EL72698;B0004545;Papilio;helenus;helenus;M;
342;EL72699;B0004545;Papilio;helenus;helenus;M;
343;EL72700;B0004545;Papilio;helenus;helenus;M;
344;EL72701;B0004545;Papilio;helenus;helenus;M;
345;EL72702;B0004546;Papilio;helenus;helenus;F;
346;EL72703;B0004546;Papilio;helenus;helenus;F;
347;EL72704;B0004546;Papilio;helenus;helenus;F;
348;EL72705;B0004546;Papilio;helenus;helenus;F;
349;EL72706;B0004546;Papilio;helenus;helenus;F;
350;EL72707;B0004547;Papilio;enganius;enganius;M;
351;EL72708;B0004547;Papilio;enganius;enganius;M;
352;EL72709;B0004547;Papilio;enganius;enganius;M;
353;EL72710;B0004547;Papilio;enganius;enganius;M;
354;EL72711;B0004547;Papilio;enganius;enganius;M;
355;EL72712;B0004548;Papilio;enganius;enganius;F;
356;EL72713;B0004548;Papilio;enganius;enganius;F;
357;EL72714;B0004548;Papilio;enganius;enganius;F;
358;EL72715;B0004548;Papilio;enganius;enganius;F;
359;EL72716;B0004548;Papilio;enganius;enganius;F;
360;EL72717;B0004549;Papilio;ambrax;ambrax;M;
361;EL72718;B0004549;Papilio;ambrax;ambrax;M;
362;EL72719;B0004549;Papilio;ambrax;ambrax;M;
363;EL72720;B0004549;Papilio;ambrax;ambrax;M;
364;EL72721;EL-B4558;Papilio;ambrax;ambrax;M;
365;EL72722;EL-B4558;Papilio;ambrax;ambrax;F;
366;EL72723;EL-B4558;Papilio;ambrax;ambrax;F;
367;EL72724;EL-B4558;Papilio;ambrax;ambrax;F;ambracia
368;EL72725;EL-B4558;Papilio;ambrax;ambrax;F;ambracia
369;EL72726;EL-B4558;Papilio;ambrax;ambrax;F;nova
370;EL72727;EL-B4559;Papilio;amynthor;amynthor;M;
371;EL72728;EL-B4559;Papilio;amynthor;amynthor;M;
372;EL72729;EL-B4559;Papilio;amynthor;amynthor;M;
373;EL72730;EL-B4559;Papilio;amynthor;amynthor;M;
374;EL72731;EL-B4559;Papilio;amynthor;amynthor;M;
375;EL72732;EL-B4559;Papilio;amynthor;amynthor;F;
376;EL72733;EL-B4559;Papilio;amynthor;amynthor;F;
377;EL72734;EL-B4559;Papilio;amynthor;amynthor;F;
378;EL72735;EL-B4559;Papilio;amynthor;amynthor;F;
379;EL72736;EL-B4559;Papilio;amynthor;amynthor;F;
380;EL72737;EL-B4560;Papilio;bootes;bootes;M;
381;EL72738;EL-B4560;Papilio;bootes;bootes;M;
382;EL72739;EL-B4560;Papilio;bootes;bootes;M;
383;EL72740;EL-B4560;Papilio;bootes;bootes;M;
384;EL72741;EL-B4560;Papilio;bootes;bootes;M;
385;EL72742;EL-B4560;Papilio;bootes;bootes;F;
386;EL72743;EL-B4560;Papilio;bootes;bootes;F;
387;EL72744;EL-B4560;Papilio;dialis;doddsi;M;
388;EL72745;EL-B4560;Papilio;dialis;doddsi;M;
389;EL72746;EL-B4560;Papilio;dialis;andronicus;M;
390;EL72747;EL-B4560;Papilio;dialis;andronicus;M;
391;EL72748;EL-B4561;Papilio;castor;castor;M;
392;EL72749;EL-B4561;Papilio;castor;castor;M;
393;EL75500;EL-B4561;Papilio;castor;castor;M;
394;EL75501;EL-B4561;Papilio;castor;castor;M;
395;EL75502;EL-B4562;Papilio;castor;castor;M;
396;EL75503;EL-B4562;Papilio;castor;castor;F;
397;EL75504;EL-B4562;Papilio;castor;castor;F;
398;EL75505;EL-B4562;Papilio;castor;castor;F;
399;EL75506;EL-B4562;Papilio;castor;castor;F;
400;EL75510;EL-B4562;Papilio;castor;castor;F;
401;EL75507;EL-B4563;Papilio;demetrius;demetrius;M;
402;EL75508;EL-B4563;Papilio;demetrius;demetrius;M;
403;EL75509;EL-B4564;Papilio;demetrius;demetrius;M;
404;EL75511;EL-B4564;Papilio;demetrius;demetrius;M;
405;EL75512;EL-B4564;Papilio;demetrius;demetrius;M;
406;EL75513;EL-B4564;Papilio;demetrius;demetrius;F;
407;EL75514;EL-B4564;Papilio;demetrius;demetrius;F;
408;EL75515;EL-B4564;Papilio;demetrius;demetrius;F;
409;EL75516;EL-B4564;Papilio;demetrius;demetrius;F;
410;EL75517;EL-B4564;Papilio;demetrius;demetrius;F;
411;EL75518;EL-B4565;Papilio;dravidarum;-;M;
412;EL75519;EL-B4565;Papilio;dravidarum;-;M;
413;EL75520;EL-B4565;Papilio;dravidarum;-;M;
414;EL75521;EL-B4565;Papilio;dravidarum;-;F;
415;EL75522;EL-B4565;Papilio;dravidarum;-;F;
416;EL75523;EL-B4566;Papilio;fuscus;fuscus;M;
417;EL75524;EL-B4566;Papilio;fuscus;fuscus;M;
418;EL75525;EL-B4566;Papilio;fuscus;fuscus;M;
419;EL75526;EL-B4566;Papilio;fuscus;fuscus;M;
420;EL75527;EL-B4566;Papilio;fuscus;fuscus;M;
421;EL75528;EL-B4566;Papilio;fuscus;fuscus;F;
422;EL75529;EL-B4566;Papilio;fuscus;fuscus;F;
423;EL75530;EL-B4566;Papilio;fuscus;fuscus;F;
424;EL75531;EL-B4566;Papilio;fuscus;fuscus;F;
425;EL75532;EL-B4566;Papilio;fuscus;fuscus;F;
426;EL75533;EL-B4567;Papilio;iswara;iswara;M;
427;EL75534;EL-B4567;Papilio;iswara;iswara;M;
428;EL75535;EL-B4567;Papilio;iswara;iswara;F;
429;EL75536;EL-B4567;Papilio;iswara;iswara;F;
430;EL75537;EL-B4567;Papilio;iswara;iswara;M;
431;EL75538;EL-B4567;Papilio;iswara;araspes;M;
432;EL75539;EL-B4567;Papilio;iswara;araspes;M;
433;EL75540;B0004513;Papilio;liomedon;-;NA;
434;EL75541;B0004526;Papilio;polymnestor;polymnestor;M;
435;EL75542;B0004526;Papilio;polymnestor;polymnestor;M;
436;EL75543;B0004526;Papilio;polymnestor;polymnestor;M;
437;EL75544;B0004526;Papilio;polymnestor;polymnestor;M;
438;EL75545;B0004526;Papilio;polymnestor;polymnestor;M;
439;EL75546;EL-B4568;Papilio;polymnestor;polymnestor;F;
440;EL75547;EL-B4568;Papilio;polymnestor;polymnestor;F;
441;EL75548;EL-B4568;Papilio;polymnestor;polymnestor;F;
442;EL75549;EL-B4568;Papilio;polymnestor;polymnestor;F;
443;EL75550;EL-B4568;Papilio;polymnestor;polymnestor;F;
444;EL75551;EL-B4569;Papilio;anactus;-;F;
445;EL75552;EL-B4569;Papilio;anactus;-;M;
446;EL75553;EL-B4569;Papilio;anactus;-;F;
447;EL75554;EL-B4569;Papilio;anactus;-;M;
448;EL75555;EL-B4570;Papilio;polyctor;polyctor;M;
449;EL75556;EL-B4570;Papilio;polyctor;polyctor;M;
450;EL75557;EL-B4570;Papilio;polyctor;polyctor;F;
451;EL75558;EL-B4570;Papilio;polyctor;polyctor;F;
452;EL75559;EL-B4571;Papilio;bianor;bianor;M;
453;EL75560;EL-B4571;Papilio;bianor;bianor;M;
454;EL75561;EL-B4571;Papilio;bianor;bianor;F;
455;EL75562;EL-B4571;Papilio;bianor;bianor;F;
456;EL75563;EL-B4572;Papilio;dehaanii;-;F;
457;EL75564;EL-B4572;Papilio;dehaanii;-;F;
458;EL75565;EL-B4572;Papilio;dehaanii;-;M;
459;EL75566;EL-B4572;Papilio;dehaanii;-;M;
460;EL75567;EL-B4573;Papilio;paris;paris;M;
461;EL75568;EL-B4573;Papilio;paris;paris;M;
462;EL75569;EL-B4574;Papilio;paris;paris;F;
463;EL75570;EL-B4574;Papilio;paris;paris;F;
464;EL75571;EL-B4575;Papilio;hermosanus;-;M;
465;EL75572;EL-B4575;Papilio;hermosanus;-;M;
466;EL75573;EL-B4576;Papilio;arjuna;-;M;
467;EL75574;EL-B4576;Papilio;arjuna;-;M;
468;EL75575;EL-B4577;Papilio;lorquinianus;-;M;
469;EL75576;EL-B4577;Papilio;lorquinianus;-;M;
470;EL75577;EL-B4577;Papilio;lorquinianus;-;F;
471;EL75578;EL-B4577;Papilio;lorquinianus;-;F;
472;EL75579;EL-B4578;Papilio;ulysses;ulysses;M;
473;EL75580;EL-B4578;Papilio;ulysses;ulysses;M;
474;EL75581;EL-B4578;Papilio;ulysses;ulysses;F;
475;EL75582;EL-B4579;Papilio;ulysses;ulysses;F;
476;EL75583;EL-B4578;Papilio;telegonus;-;M;
477;EL75584;EL-B4578;Papilio;telegonus;-;M;
478;EL75585;EL-B4580;Papilio;montrouzieri;ulyssellus;M;
479;EL75586;EL-B4580;Papilio;montrouzieri;ulyssellus;M;
480;EL75587;EL-B4580;Papilio;montrouzieri;ulyssellus;F;
481;EL75588;EL-B4580;Papilio;montrouzieri;ulyssellus;F;
482;EL75589;EL-B4581;Papilio;arcturus;arcturus;M;
483;EL75590;EL-B4581;Papilio;arcturus;arcturus;M;
484;EL75591;EL-B4581;Papilio;arcturus;arcturus;F;
485;EL75592;EL-B4581;Papilio;arcturus;arcturus;F;
486;EL75593;EL-B4582;Papilio;blumei;blumei;M;
487;EL75594;EL-B4583;Papilio;blumei;blumei;M;
488;EL75595;EL-B4583;Papilio;blumei;blumei;F;
489;EL75596;EL-B4583;Papilio;blumei;blumei;F;
490;EL75597;EL-B4583;Papilio;buddha;-;M;
491;EL75598;EL-B4583;Papilio;buddha;-;M;
492;EL75599;EL-B4583;Papilio;buddha;-;F;
493;EL75600;EL-B4583;Papilio;buddha;-;F;
494;EL75601;EL-B4584;Papilio;crino;crino;M;
495;EL75602;EL-B4584;Papilio;crino;crino;M;
496;EL75603;EL-B4584;Papilio;crino;crino;F;
497;EL75604;EL-B4584;Papilio;crino;crino;F;
498;EL75605;EL-B4584;Papilio;krishna;krishna;M;
499;EL75606;EL-B4584;Papilio;krishna;krishna;M;
500;EL75607;EL-B4582;Papilio;daedalus;-;M;
501;EL75608;EL-B4582;Papilio;daedalus;-;M;
502;EL75609;EL-B4581;Papilio;hopponis;-;M;
503;EL75610;EL-B4581;Papilio;hopponis;-;M;
504;EL75611;EL-B4577;Papilio;karna;karna;M;
505;EL75612;EL-B4577;Papilio;karna;karna;M;
506;EL75613;EL-B4585;Papilio;palinurus;palinurus;F;
507;EL75614;EL-B4585;Papilio;palinurus;palinurus;M;
508;EL75615;EL-B4585;Papilio;palinurus;palinurus;F;
509;EL75616;EL-B4585;Papilio;palinurus;palinurus;M;
510;EL75617;EL-B4586;Papilio;neumoegeni;-;F;
511;EL75618;EL-B4583;Papilio;neumoegeni;angustatus;F;
512;EL75619;EL-B4583;Papilio;neumoegeni;angustatus;M;
513;EL75620;EL-B4583;Papilio;neumoegeni;angustatus;M;
514;EL75621;EL-B4586;Papilio;peranthus;peranthus;M;
515;EL75622;EL-B4586;Papilio;peranthus;peranthus;M;
516;EL75623;EL-B4586;Papilio;peranthus;peranthus;F;
517;EL75624;EL-B4586;Papilio;peranthus;transiens;F;
518;EL75625;EL-B4576;Papilio;pericles;-;M;
519;EL75626;EL-B4587;Papilio;syfanius;-;M;
520;EL75627;EL-B4587;Papilio;syfanius;-;M;
521;EL75628;EL-B4588;Papilio;xuthus;xuthus;M;
522;EL75629;EL-B4588;Papilio;xuthus;xuthus;M;
523;EL75630;EL-B4588;Papilio;xuthus;xuthus;F;
524;EL75631;EL-B4588;Papilio;xuthus;xuthus;F;
525;EL75632;EL-B4589;Papilio;indra;indra;M;
526;EL75633;EL-B4589;Papilio;indra;indra;M;
527;EL75634;EL-B4589;Papilio;indra;indra;F;
528;EL75635;EL-B4590;Papilio;hospiton;-;M;
529;EL75636;EL-B4590;Papilio;hospiton;-;M;
530;EL75637;EL-B4590;Papilio;hospiton;-;F;
531;EL75638;EL-B4590;Papilio;hospiton;-;F;
532;EL75639;EL-B4591;Papilio;hippocrates;-;M;
533;EL75640;EL-B4591;Papilio;hippocrates;-;M;
534;EL75641;EL-B4591;Papilio;hippocrates;-;F;
535;EL75642;EL-B4591;Papilio;hippocrates;-;F;
536;EL38895;B0003232;Papilio;machaon;machaon;M;
537;EL38900;B0003232;Papilio;machaon;machaon;F;
538;EL75643;B0003232;Papilio;machaon;machaon;M;
539;EL38908;B0003232;Papilio;machaon;machaon;F;
540;EL75644;EL-B4592;Papilio;oregonius;-;F;
541;EL75645;EL-B4592;Papilio;zelicaon;-;M;
542;EL75646;EL-B4592;Papilio;zelicaon;-;M;
543;EL75647;EL-B4592;Papilio;zelicaon;-;F;
544;EL75648;EL-B4592;Papilio;zelicaon;-;F;
545;EL75649;EL-B4593;Papilio;polyxenes;polyxenes;M;
546;EL75650;EL-B4593;Papilio;polyxenes;polyxenes;F;
547;EL75651;EL-B4594;Papilio;polyxenes;asterius;M;
548;EL75652;EL-B4595;Papilio;polyxenes;asterius;F;
549;EL75653;EL-B4596;Papilio;alexanor;alexanor;M;
550;EL75654;EL-B4596;Papilio;alexanor;alexanor;M;
551;EL75655;EL-B4596;Papilio;alexanor;alexanor;F;
552;EL75656;EL-B4596;Papilio;alexanor;alexanor;F;
553;EL75657;EL-B4597;Papilio;scamander;grayi;M;
554;EL75658;EL-B4597;Papilio;scamander;grayi;M;
555;EL75659;EL-B4597;Papilio;scamander;grayi;F;
556;EL75660;EL-B4597;Papilio;scamander;grayi;F;
557;EL75661;EL-B4598;Papilio;garamas;garamas;M;
558;EL75662;EL-B4598;Papilio;garamas;garamas;M;
559;EL75663;EL-B4598;Papilio;garamas;garamas;F;
560;EL75664;EL-B4598;Papilio;garamas;garamas;F;
561;EL75665;EL-B4599;Papilio;birchallii;birchallii;M;
562;EL75666;EL-B4599;Papilio;birchallii;birchallii;M;
563;EL75667;EL-B4599;Papilio;victorinus;victorinus;M;
564;EL75668;EL-B4599;Papilio;victorinus;victorinus;M;
565;EL75669;EL-B4699;Papilio;victorinus;victorinus;F;
566;EL75670;EL-B4699;Papilio;victorinus;victorinus;F;
567;EL75671;EL-B4700;Papilio;glaucus;glaucus;M;
568;EL75672;EL-B4700;Papilio;glaucus;glaucus;M;glaucus
569;EL75673;EL-B4701;Papilio;glaucus;glaucus;F;glaucus
570;EL75674;EL-B4701;Papilio;glaucus;glaucus;F;turnus
571;EL75675;EL-B4702;Papilio;rutulus;-;M;
572;EL75676;EL-B4702;Papilio;rutulus;-;M;
573;EL75677;EL-B4702;Papilio;rutulus;-;F;
574;EL75678;EL-B4702;Papilio;rutulus;-;F;ammoni
575;EL75679;EL-B4703;Papilio;eurymedon;eurymedon;M;
576;EL75680;EL-B4703;Papilio;eurymedon;eurymedon;M;
577;EL75681;EL-B4703;Papilio;eurymedon;eurymedon;F;
578;EL75682;EL-B4703;Papilio;eurymedon;eurymedon;F;
579;EL75683;EL-B4704;Papilio;multicaudata;-;M;
580;EL75684;EL-B4704;Papilio;multicaudata;-;M;
581;EL75685;EL-B4705;Papilio;multicaudata;-;F;
582;EL75686;EL-B4705;Papilio;multicaudata;-;F;
583;EL75687;EL-B4706;Papilio;troilus;troilus;M;
584;EL75688;EL-B4706;Papilio;troilus;troilus;M;
585;EL75689;EL-B4707;Papilio;troilus;troilus;F;
586;EL75690;EL-B4707;Papilio;troilus;troilus;F;
587;EL75691;EL-B4708;Papilio;palamedes;palamedes;M;
588;EL75692;EL-B4708;Papilio;palamedes;palamedes;M;
589;EL75693;EL-B4708;Papilio;palamedes;palamedes;F;
590;EL75694;EL-B4708;Papilio;palamedes;palamedes;F;
591;EL75695;EL-B4709;Papilio;pilumnus;-;M;
592;EL75696;EL-B4709;Papilio;pilumnus;-;M;
593;EL75697;EL-B4709;Papilio;pilumnus;-;F;
594;EL75698;EL-B4710;Papilio;cacicus;cacicus;M;
595;EL75699;EL-B4710;Papilio;cacicus;cacicus;M;
596;EL75700;EL-B4710;Papilio;euterpinus;-;F;
597;EL75701;EL-B4710;Papilio;euterpinus;-;M;
598;EL75702;EL-B4711;Papilio;thoas;thoas;F;
599;EL75703;EL-B4711;Papilio;thoas;thoas;M;
600;EL75704;EL-B4711;Papilio;thoas;thoas;M;
601;EL75705;EL-B4711;Papilio;thoas;thoas;F;
602;EL75706;EL-B4712;Papilio;homerus;bitias;M;
603;EL75707;EL-B4712;Papilio;homerus;bitias;M;
604;EL75708;EL-B4712;Papilio;homerus;bitias;F;
605;EL75709;EL-B4713;Papilio;homerus;bitias;F;therapes
606;EL75710;EL-B4714;Papilio;warscewiczii;warscewiczii;M;
607;EL75711;EL-B4714;Papilio;warscewiczii;warscewiczii;M;
608;EL75712;EL-B4715;Papilio;neyi;-;M;
609;EL75713;EL-B4716;Papilio;zagreus;zagreus;M;
610;EL75714;EL-B4716;Papilio;zagreus;zagreus;M;
611;EL75715;EL-B4717;Papilio;clytia;clytia;M;
612;EL75716;EL-B4718;Papilio;clytia;clytia;F;
613;EL75717;EL-B4719;Papilio;clytia;clytia;M;
614;EL75718;EL-B4719;Papilio;clytia;clytia;F;
615;EL75719;EL-B4720;Papilio;epycides;epycides;M;
616;EL75720;EL-B4720;Papilio;epycides;epycides;F;
617;EL75721;EL-B4720;Papilio;epycides;horatius;M;
618;EL75722;EL-B4720;Papilio;epycides;horatius;F;
619;EL75723;EL-B4721;Papilio;agestor;agestor;M;
620;EL75724;EL-B4721;Papilio;agestor;agestor;M;
621;EL75725;EL-B4721;Papilio;agestor;agestor;F;
622;EL75726;B0004531;Papilio;laglaizei;-;M;
623;EL75727;B0004531;Papilio;laglaizei;-;F;
624;EL75728;B0004531;Papilio;laglaizei;-;F;
625;EL75729;EL-B4722;Papilio;paradoxa;paradoxa;M;
626;EL75730;EL-B4722;Papilio;paradoxa;paradoxa;F;
627;EL75731;EL-B4722;Papilio;paradoxa;aenigma;M;
628;EL75732;EL-B4722;Papilio;paradoxa;aenigma;F;
629;EL75733;EL-B4723;Papilio;slateri;slateri;M;
630;EL75734;EL-B4723;Papilio;slateri;slateri;M;
631;EL75735;EL-B4724;Papilio;cresphontes;-;M;
632;EL75736;EL-B4724;Papilio;cresphontes;-;M;
633;EL75737;EL-B4724;Papilio;cresphontes;-;F;
634;EL75738;EL-B4724;Papilio;cresphontes;-;F;
635;EL75739;EL-B4725;Papilio;aristodemus;aristodemus;M;
636;EL75740;EL-B4725;Papilio;aristodemus;temenes;M;
637;EL75741;EL-B4725;Papilio;aristodemus;temenes;F;
638;EL75742;EL-B4725;Papilio;machaonides;-;M;
639;EL75743;EL-B4725;Papilio;machaonides;-;M;
640;EL75744;EL-B4725;Papilio;astyalus;lycophon;M;
641;EL75745;EL-B4726;Papilio;astyalus;lycophon;M;
642;EL75746;EL-B4727;Papilio;astyalus;lycophon;F;
643;EL75747;EL-B4727;Papilio;astyalus;lycophon;F;
644;EL75748;EL-B4728;Papilio;anchisiades;anchisiades;M;
645;EL75749;EL-B4728;Papilio;anchisiades;anchisiades;M;
646;EL43104;EL-B4729;Papilio;anchisiades;anchisiades;F;
647;EL43105;EL-B4729;Papilio;anchisiades;anchisiades;F;
648;EL43106;EL-B4730;Papilio;erostratus;-;M;
649;EL43107;EL-B4730;Papilio;erostratus;-;M;
650;EL43108;EL-B4730;Papilio;erostratus;-;F;
651;EL43109;EL-B4730;Papilio;erostratus;-;F;
652;EL43110;EL-B4731;Papilio;hectorides;-;M;
653;EL43111;EL-B4731;Papilio;hectorides;-;M;
654;EL43112;EL-B4732;Papilio;hectorides;-;F;
655;EL43113;EL-B4732;Papilio;hectorides;-;F;
656;EL43114;EL-B4731;Papilio;himeros;himeros;M;
657;EL43115;EL-B4731;Papilio;himeros;baia;M;
658;EL43116;EL-B4731;Papilio;himeros;baia;F;
659;EL43117;EL-B4731;Papilio;himeros;baia;F;
660;EL43118;EL-B4733;Papilio;torquatus;torquatus;M;
661;EL43119;EL-B4733;Papilio;torquatus;torquatus;M;
662;EL43120;EL-B4733;Papilio;torquatus;torquatus;F;theras
663;EL43121;EL-B4733;Papilio;torquatus;torquatus;F;theras
664;EL43122;EL-B4734;Papilio;andraemon;andraemon;F;
665;EL43123;EL-B4734;Papilio;andraemon;andraemon;F;
666;EL43124;EL-B4735;Papilio;andraemon;andraemon;M;
667;EL43125;EL-B4735;Papilio;andraemon;andraemon;M;
668;EL43126;EL-B4735;Papilio;caiguanabus;-;F;
669;EL43127;EL-B4735;Papilio;caiguanabus;-;M;
670;EL43128;EL-B4735;Papilio;caiguanabus;-;M;
671;EL43129;EL-B4736;Papilio;androgeus;androgeus;M;
672;EL43130;EL-B4736;Papilio;androgeus;androgeus;M;
673;EL43131;EL-B4737;Papilio;androgeus;androgeus;F;
674;EL43132;EL-B4737;Papilio;androgeus;androgeus;F;piranthus
675;EL43133;EL-B4738;Papilio;chiansiades;-;M;
676;EL43134;EL-B4738;Papilio;chiansiades;-;M;
677;EL43135;EL-B4738;Papilio;epenetus;-;F;
678;EL43136;EL-B4738;Papilio;epenetus;-;F;
679;EL43137;EL-B4738;Papilio;epenetus;-;M;
680;EL43138;EL-B4738;Papilio;oxynius;-;F;
681;EL43139;EL-B4738;Papilio;oxynius;-;M;
682;EL43140;EL-B4738;Papilio;oxynius;-;M;
683;EL43141;EL-B4739;Papilio;garleppi;interruptus;M;
684;EL43142;EL-B4739;Papilio;garleppi;interruptus;M;
685;EL43143;EL-B4740;Papilio;homothoas;-;F;
686;EL43144;EL-B4740;Papilio;homothoas;-;M;
687;EL43145;EL-B4740;Papilio;homothoas;-;M;
688;EL43146;EL-B4741;Papilio;hyppason;-;M;
689;EL43147;EL-B4741;Papilio;hyppason;-;M;
690;EL43148;EL-B4741;Papilio;hyppason;-;F;paraensis
691;EL43149;EL-B4741;Papilio;hyppason;-;F;paraensis
692;EL43154;EL-B4741;Papilio;pelaus;pelaus;F;
693;EL43155;EL-B4741;Papilio;pelaus;pelaus;F;
694;EL43156;EL-B4741;Papilio;pelaus;pelaus;M;
695;EL43157;EL-B4741;Papilio;pelaus;pelaus;M;
696;EL43158;EL-B4742;Papilio;isidorus;flavens;M;
697;EL43159;EL-B4742;Papilio;isidorus;flavens;M;
698;EL43160;EL-B4742;Papilio;isidorus;flavens;F;
699;EL43161;EL-B4742;Papilio;isidorus;flavens;F;
700;EL43162;EL-B4733;Papilio;lamarchei;-;M;
701;EL43163;EL-B4733;Papilio;lamarchei;-;M;
702;EL43164;EL-B4743;Papilio;paeon;-;M;
703;EL43165;EL-B4743;Papilio;paeon;-;M;
704;EL43166;EL-B4743;Papilio;paeon;-;F;
705;EL43167;EL-B4743;Papilio;paeon;-;F;
706;EL43168;EL-B4744;Papilio;pharnaces;-;M;
707;EL43169;EL-B4744;Papilio;pharnaces;-;M;
708;EL43170;EL-B4745;Papilio;pharnaces;-;F;
709;EL43171;EL-B4745;Papilio;pharnaces;-;F;
710;EL43172;EL-B4746;Papilio;rogeri;-;F;
711;EL43173;EL-B4747;Papilio;thersites;-;M;
712;EL43174;EL-B4747;Papilio;thersites;-;M;
713;EL43175;EL-B4747;Papilio;thersites;-;F;
714;EL43176;EL-B4748;Papilio;antimachus;-;M;
715;EL43177;EL-B4748;Papilio;antimachus;-;M;
716;EL43178;EL-B4749;Papilio;nireus;nireus;F;
717;EL43179;EL-B4749;Papilio;nireus;nireus;F;
718;EL43180;EL-B4750;Papilio;nireus;nireus;M;
719;EL43181;EL-B4750;Papilio;nireus;nireus;M;
720;EL43182;EL-B4752;Papilio;zalmoxis;-;M;
721;EL43183;EL-B4752;Papilio;zalmoxis;-;M;
722;EL43184;EL-B4751;Teinopalpus;imperialis;imperialis;M;
723;EL43185;EL-B4751;Teinopalpus;imperialis;imperialis;M;
724;EL43186;EL-B4751;Teinopalpus;imperialis;imperialis;F;
725;EL43187;EL-B4751;Teinopalpus;imperialis;imperialis;F;
726;EL43188;EL-B4753;Meandrusa;sciron;hercules;M;
727;EL43189;EL-B4753;Meandrusa;sciron;hercules;M;
728;EL43190;EL-B4754;Meandrusa;payeni;evan;M;
729;EL43191;EL-B4754;Meandrusa;payeni;evan;M;
730;EL43192;EL-B4754;Meandrusa;payeni;evan;F;
731;EL43193;EL-B4754;Meandrusa;payeni;evan;F;
732;EL43194;EL-B4755;Atrophaneura;dixoni;-;M;
733;EL43195;EL-B4755;Atrophaneura;dixoni;-;M;
734;EL43196;EL-B4755;Atrophaneura;priapus;dilutus;M;
735;EL43197;EL-B4755;Atrophaneura;priapus;dilutus;M;
736;EL43198;EL-B4755;Atrophaneura;priapus;dilutus;F;
737;EL43199;EL-B4755;Atrophaneura;priapus;dilutus;F;
738;EL43204;EL-B4756;Atrophaneura;nox;nox;M;
739;EL43205;EL-B4756;Atrophaneura;nox;nox;M;
740;EL43206;EL-B4756;Atrophaneura;nox;nox;F;
741;EL43207;EL-B4756;Atrophaneura;nox;nox;F;
742;EL43208;EL-B4757;Atrophaneura;varuna;astorion;M;
743;EL43209;EL-B4757;Atrophaneura;varuna;astorion;M;
744;EL43210;EL-B4756;Atrophaneura;varuna;astorion;F;
745;EL43211;EL-B4756;Atrophaneura;varuna;astorion;F;
746;EL43212;EL-B4758;Byasa;alcinous;alcinous;M;
747;EL43213;EL-B4758;Byasa;alcinous;alcinous;M;
748;EL43214;EL-B4759;Byasa;alcinous;alcinous;F;
749;EL43215;EL-B4759;Byasa;alcinous;alcinous;F;
750;EL43216;EL-B4760;Byasa;dasarada;dasarada;M;
751;EL43217;EL-B4760;Byasa;dasarada;dasarada;M;
752;EL43218;EL-B4760;Byasa;dasarada;dasarada;F;
753;EL43219;EL-B4760;Byasa;dasarada;dasarada;F;
754;EL43220;EL-B4758;Byasa;impediens;-;M;
755;EL43221;EL-B4758;Byasa;impediens;-;M;
756;EL43222;EL-B4758;Byasa;impediens;-;F;
757;EL43223;EL-B4758;Byasa;impediens;-;F;
758;EL43224;EL-B4761;Byasa;mencius;-;M;
759;EL43225;EL-B4761;Byasa;mencius;-;M;
760;EL43226;EL-B4761;Byasa;mencius;-;F;
761;EL43227;EL-B4761;Byasa;mencius;-;F;
762;EL43228;EL-B4762;Byasa;plutonius;plutonius;M;
763;EL43229;EL-B4762;Byasa;plutonius;plutonius;M;
764;EL43230;EL-B4762;Byasa;plutonius;plutonius;F;
765;EL43231;EL-B4762;Byasa;plutonius;pembertoni;F;
766;EL43232;EL-B4763;Byasa;polyeuctes;polyeuctes;M;
767;EL43233;EL-B4763;Byasa;polyeuctes;polyeuctes;M;
768;EL43234;EL-B4764;Losaria;neptunus;doris;M;
769;EL43235;EL-B4764;Losaria;neptunus;sumatrana;F;
770;EL43236;EL-B4764;Losaria;neptunus;fehri;M;
771;EL43237;EL-B4764;Losaria;coon;coon;M;
772;EL43238;EL-B4764;Losaria;coon;coon;M;
773;EL43239;EL-B4765;Losaria;coon;coon;F;
774;EL43240;EL-B4765;Losaria;coon;coon;F;
775;EL43241;EL-B4766;Pachliopta;aristolochiae;goniopeltis;M;
776;EL43242;EL-B4766;Pachliopta;aristolochiae;goniopeltis;M;
777;EL43243;EL-B4766;Pachliopta;aristolochiae;goniopeltis;F;
778;EL43244;EL-B4766;Pachliopta;aristolochiae;goniopeltis;F;
779;EL43245;EL-B4767;Pachliopta;hector ;-;M;
780;EL43246;EL-B4767;Pachliopta;hector ;-;M;
781;EL43247;EL-B4767;Pachliopta;hector ;-;F;
782;EL43248;EL-B4767;Pachliopta;hector ;-;F;
783;EL43249;EL-B4768;Pachliopta;liris;aberrans;M;
784;ACC0001;EL-B4768;Pachliopta;liris;aberrans;M;
785;ACC0002;EL-B4768;Pachliopta;liris;aberrans;F;
786;ACC0003;EL-B4768;Pachliopta;liris;aberrans;F;
787;ACC0004;EL-B4769;Pachliopta;polydorus;polydorus;M;
788;ACC0005;EL-B4769;Pachliopta;polydorus;polydorus;M;
789;ACC0006;EL-B4769;Pachliopta;polydorus;septentrionalis;F;
790;ACC0007;EL-B4769;Pachliopta;polydorus;septentrionalis;F;
791;ACC0008;EL-B4770;Cressida;cressida;-;M;
792;ACC0009;EL-B4770;Cressida;cressida;-;M;
793;ACC0010;EL-B4770;Cressida;cressida;-;F;
794;ACC0011;EL-B4770;Cressida;cressida;-;F;
795;ACC0012;EL-B4771;Pharmacophagus;antenor;-;M;
796;ACC0013;EL-B4771;Pharmacophagus;antenor;-;M;
797;ACC0014;EL-B4771;Pharmacophagus;antenor;-;F;
798;ACC0015;EL-B4771;Pharmacophagus;antenor;-;F;
799;ACC0016;EL-B4772;Troides;aeacus;aeacus;M;
800;ACC0017;EL-B4772;Troides;aeacus;aeacus;M;
801;ACC0018;EL-B4772;Troides;aeacus;aeacus;F;
802;ACC0019;EL-B4772;Troides;aeacus;aeacus;F;
803;ACC0020;EL-B4773;Troides;helena;helena;M;
804;ACC0021;EL-B4773;Troides;helena;helena;M;
805;ACC0022;EL-B4774;Troides;helena;helena;F;pompeus
806;ACC0023;EL-B4774;Troides;helena;helena;F;pompeus
807;ACC0024;EL-B4775;Troides;prattorum;-;M;
808;ACC0025;EL-B4775;Troides;prattorum;-;M;
809;ACC0026;EL-B4775;Troides;prattorum;-;F;
810;ACC0027;EL-B4775;Troides;prattorum;-;F;
811;ACC0028;EL-B4776;Troides;haliphron;haliphron;M;
812;ACC0029;EL-B4776;Troides;haliphron;haliphron;M;
813;ACC0030;EL-B4777;Troides;haliphron;haliphron;F;
814;ACC0031;EL-B4777;Troides;haliphron;haliphron;F;
815;ACC0032;EL-B4778;Troides;staudingeri;iris;M;
816;ACC0033;EL-B4778;Troides;staudingeri;iris;F;
817;ACC0034;EL-B4778;Troides;staudingeri;staudingeri;M;
818;ACC0035;EL-B4779;Troides;amphrysus;amphrysus;M;
819;ACC0036;EL-B4779;Troides;amphrysus;amphrysus;M;
820;ACC0037;EL-B4779;Troides;amphrysus;amphrysus;F;
821;ACC0038;EL-B4779;Troides;amphrysus;amphrysus;F;
822;ACC0039;EL-B4780;Troides;hypolitus;hypolitus;M;
823;ACC0040;EL-B4780;Troides;hypolitus;hypolitus;M;
824;ACC0041;EL-B4781;Troides;hypolitus;hypolitus;F;
825;ACC0042;EL-B4781;Troides;hypolitus;hypolitus;F;
826;ACC0043;EL-B4782;Troides;andromache;andromache;M;
827;ACC0044;EL-B4782;Troides;andromache;andromache;M;
828;ACC0045;EL-B4782;Troides;andromache;andromache;F;
829;ACC0046;EL-B4782;Troides;andromache;andromache;F;
830;ACC0047;EL-B4783;Troides;criton;criton;M;
831;ACC0048;EL-B4783;Troides;criton;criton;M;
832;ACC0049;EL-B4784;Troides;criton;criton;F;androgyna
833;ACC0050;EL-B4784;Troides;criton;criton;F;androgyna
834;ACC0051;EL-B4785;Troides;cuneifera;cuneifera;M;
835;ACC0052;EL-B4785;Troides;cuneifera;cuneifera;M;
836;ACC0053;EL-B4785;Troides;cuneifera;cuneifera;F;
837;ACC0054;EL-B4785;Troides;cuneifera;cuneifera;F;
838;ACC0055;EL-B4786;Troides;magellanus;sonani;M;
839;ACC0056;EL-B4786;Troides;magellanus;sonani;M;
840;ACC0057;EL-B4786;Troides;magellanus;sonani;F;
841;ACC0058;EL-B4786;Troides;magellanus;sonani;F;
842;ACC0059;EL-B4787;Troides;minos;minos;M;
843;ACC0060;EL-B4787;Troides;minos;minos;M;
844;ACC0061;EL-B4788;Troides;minos;minos;F;
845;ACC0062;EL-B4788;Troides;minos;minos;F;
846;ACC0063;EL-B4789;Troides;miranda;miranda;M;
847;ACC0064;EL-B4789;Troides;miranda;miranda;M;
848;ACC0065;EL-B4789;Troides;miranda;miranda;F;
849;ACC0066;EL-B4789;Troides;miranda;miranda;F;
850;ACC0067;EL-B4790;Troides;oblongomaculatus;oblongomaculatus;M;
851;ACC0068;EL-B4790;Troides;oblongomaculatus;oblongomaculatus;M;
852;ACC0069;EL-B4791;Troides;oblongomaculatus;oblongomaculatus;F;
853;ACC0070;EL-B4791;Troides;oblongomaculatus;oblongomaculatus;F;
854;ACC0071;EL-B4792;Troides;rhadamantus;rhadamantus;M;
855;ACC0072;EL-B4792;Troides;rhadamantus;rhadamantus;M;
856;ACC0073;EL-B4792;Troides;rhadamantus;rhadamantus;F;
857;ACC0074;EL-B4792;Troides;rhadamantus;rhadamantus;F;
858;ACC0075;EL-B4783;Troides;riedeli;-;M;
859;ACC0076;EL-B4783;Troides;riedeli;-;F;
860;ACC0077;EL-B4793;Troides;vandepolli;vandepolli;M;
861;ACC0078;EL-B4793;Troides;vandepolli;vandepolli;F;
862;ACC0079;EL-B4793;Troides;vandepolli;vandepolli;F;
863;ACC0080;EL-B4050;Trogonoptera;brookiana;brookiana;M;
864;ACC0081;EL-B4050;Trogonoptera;brookiana;brookiana;M;
865;ACC0082;EL-B4050;Trogonoptera;brookiana;brookiana;F;
866;ACC0083;EL-B4050;Trogonoptera;brookiana;brookiana;F;
867;ACC0084;EL-B4059;Trogonoptera;trojana;trojana;M;
868;ACC0085;EL-B4059;Trogonoptera;trojana;trojana;M;
869;ACC0086;EL-B4059;Trogonoptera;trojana;trojana;F;
870;ACC0087;EL-B4059;Trogonoptera;trojana;trojana;F;
871;ACC0088;EL-B4794;Euryades;corethrus;-;M;
872;ACC0089;EL-B4794;Euryades;corethrus;-;M;
873;ACC0090;EL-B4794;Euryades;corethrus;-;F;
874;ACC0091;EL-B4794;Euryades;corethrus;-;F;
875;ACC0092;EL-B4794;Euryades;duponchelii;-;M;
876;ACC0093;EL-B4794;Euryades;duponchelii;-;M;
877;ACC0094;EL-B4794;Euryades;duponchelii;-;F;
878;ACC0095;EL-B4794;Euryades;duponchelii;-;F;
879;ACC0096;EL-B4795;Parides;aeneas;aeneas;M;
880;ACC0097;EL-B4795;Parides;aeneas;aeneas;M;
881;ACC0098;EL-B4795;Parides;aeneas;aeneas;F;
882;ACC0099;EL-B4795;Parides;aeneas;aeneas;F;specularis
883;ACC0100;EL-B4796;Parides;tros;-;M;
884;ACC0101;EL-B4796;Parides;tros;-;M;
885;ACC0102;EL-B4796;Parides;tros;-;F;
886;ACC0103;EL-B4796;Parides;tros;-;F;
887;ACC0104;EL-B4797;Parides;panthonus;panthonus;M;
888;ACC0105;EL-B4797;Parides;panthonus;panthonus;M;
889;ACC0106;EL-B4797;Parides;panthonus;panthonus;F;
890;ACC0107;EL-B4797;Parides;panthonus;panthonus;F;
891;ACC0108;BAC-0001;Parides;lysander;lysander;M;
892;ACC0109;BAC-0001;Parides;lysander;lysander;M;
893;ACC0110;BAC-0001;Parides;lysander;lysander;F;arbates
894;ACC0111;BAC-0001;Parides;lysander;lysander;F;parsodes
895;ACC0112;BAC-0002;Parides;eurimedes;eurimedes;M;
896;ACC0113;BAC-0002;Parides;eurimedes;eurimedes;M;
897;ACC0114;BAC-0002;Parides;eurimedes;eurimedes;F;
898;ACC0115;BAC-0002;Parides;eurimedes;eurimedes;F;
899;ACC0116;BAC-0002;Parides;zacynthus;zacynthus;F;
900;ACC0117;BAC-0002;Parides;zacynthus;zacynthus;F;
901;ACC0118;BAC-0003;Parides;zacynthus;zacynthus;M;
902;ACC0119;BAC-0003;Parides;zacynthus;zacynthus;M;
903;ACC0120;BAC-0004;Parides;neophilus;neophilus;M;
904;ACC0121;BAC-0004;Parides;neophilus;neophilus;M;
905;ACC0122;BAC-0004;Parides;neophilus;neophilus;F;
906;ACC0123;BAC-0004;Parides;neophilus;neophilus;F;
907;ACC0124;BAC-0005;Parides;anchises;anchises;M;
908;ACC0125;BAC-0005;Parides;anchises;anchises;M;
909;ACC0126;BAC-0005;Parides;anchises;anchises;F;
910;ACC0127;BAC-0005;Parides;anchises;anchises;F;
911;ACC0128;BAC-0006;Parides;vertumnus;vertumnus;M;
912;ACC0129;BAC-0006;Parides;vertumnus;vertumnus;M;
913;ACC0130;BAC-0006;Parides;vertumnus;vertumnus;F;
914;ACC0131;BAC-0006;Parides;vertumnus;vertumnus;F;
915;ACC0132;BAC-0007;Parides;sesostris;sesostris;M;
916;ACC0133;BAC-0007;Parides;sesostris;sesostris;M;
917;ACC0134;BAC-0007;Parides;sesostris;sesostris;F;
918;ACC0135;BAC-0007;Parides;sesostris;sesostris;F;
919;ACC0136;BAC-0008;Parides;photinus;photinus;M;
920;ACC0137;BAC-0008;Parides;photinus;photinus;M;
921;ACC0138;BAC-0008;Parides;photinus;photinus;F;
922;ACC0139;BAC-0009;Parides;photinus;photinus;F;
923;ACC0140;BAC-0009;Parides;montezuma;-;M;
924;ACC0141;BAC-0009;Parides;montezuma;-;M;
925;ACC0142;BAC-0009;Parides;montezuma;-;F;
926;ACC0143;BAC-0009;Parides;montezuma;-;F;
927;ACC0144;BAC-0010;Parides;childrenae;oedippus;M;
928;ACC0145;BAC-0010;Parides;childrenae;oedippus;M;
929;ACC0146;BAC-0010;Parides;childrenae;oedippus;F;
930;ACC0147;BAC-0010;Parides;childrenae;oedippus;F;
931;ACC0148;BAC-0010;Parides;ascanius;-;M;
932;ACC0149;BAC-0010;Parides;ascanius;-;M;
933;ACC0150;BAC-0010;Parides;ascanius;-;F;
934;ACC0151;BAC-0010;Parides;ascanius;-;F;
935;ACC0152;BAC-0011;Parides;chabrias;chabrias;M;
936;ACC0153;BAC-0011;Parides;chabrias;chabrias;M;
937;ACC0154;BAC-0011;Parides;chabrias;chabrias;F;
938;ACC0155;BAC-0011;Parides;chabrias;chabrias;F;
939;ACC0156;BAC-0012;Parides;agavus;-;M;
940;ACC0157;BAC-0012;Parides;agavus;-;M;
941;ACC0158;BAC-0012;Parides;agavus;-;F;
942;ACC0159;BAC-0012;Parides;agavus;-;F;
943;ACC0160;BAC-0013;Parides;proneus;-;M;
944;ACC0161;BAC-0013;Parides;proneus;-;M;
945;ACC0162;BAC-0013;Parides;proneus;-;F;
946;ACC0163;BAC-0013;Parides;proneus;-;F;
947;ACC0164;BAC-0014;Parides;bunichus;bunichus;M;
948;ACC0165;BAC-0014;Parides;bunichus;bunichus;M;
949;ACC0166;BAC-0014;Parides;bunichus;bunichus;F;
950;ACC0167;BAC-0014;Parides;bunichus;bunichus;F;
951;ACC0168;BAC-0015;Parides;erithalion;erithalion;M;
952;ACC0169;BAC-0015;Parides;erithalion;erithalion;M;
953;ACC0170;BAC-0015;Parides;erithalion;erithalion;F;
954;ACC0171;BAC-0015;Parides;erithalion;erithalion;F;
955;ACC0172;BAC-0016;Parides;iphidamas;iphidamas;M;
956;ACC0173;BAC-0016;Parides;iphidamas;iphidamas;M;
957;ACC0174;BAC-0016;Parides;iphidamas;iphidamas;F;
958;ACC0175;BAC-0016;Parides;iphidamas;iphidamas;F;
959;ACC0176;BAC-0017;Parides;panares;lycimenes;M;
960;ACC0177;BAC-0017;Parides;panares;lycimenes;M;
961;ACC0178;BAC-0017;Parides;panares;lycimenes;F;
962;ACC0179;BAC-0017;Parides;panares;lycimenes;F;
963;ACC0180;BAC-0018;Battus;belus;belus;M;
964;ACC0181;BAC-0018;Battus;belus;belus;M;
965;ACC0182;BAC-0018;Battus;belus;belus;F;
966;ACC0183;BAC-0018;Battus;belus;belus;F;
967;ACC0184;BAC-0019;Battus;crassus;crassus;M;
968;ACC0185;BAC-0019;Battus;crassus;crassus;M;
969;ACC0186;BAC-0019;Battus;crassus;crassus;F;
970;ACC0187;BAC-0019;Battus;crassus;crassus;F;
971;ACC0188;BAC-0020;Battus;polystictus;polystictus;M;
972;ACC0189;BAC-0020;Battus;polystictus;polystictus;M;
973;ACC0190;BAC-0020;Battus;polystictus;polystictus;F;
974;ACC0191;BAC-0020;Battus;polystictus;polystictus;F;
975;ACC0192;BAC-0021;Battus;philenor;philenor;M;
976;ACC0193;BAC-0021;Battus;philenor;philenor;M;
977;ACC0194;BAC-0021;Battus;philenor;philenor;F;
978;ACC0195;BAC-0021;Battus;philenor;philenor;F;
979;ACC0196;BAC-0022;Battus;polydamas;polydamas;F;
980;ACC0197;BAC-0022;Battus;polydamas;polydamas;M;
981;ACC0198;BAC-0022;Battus;polydamas;polydamas;M;
982;ACC0199;BAC-0022;Battus;polydamas;polydamas;M;
983;ACC0200;BAC-0023;Eurytides;serville;serville;M;
984;ACC0201;BAC-0023;Eurytides;serville;serville;M;
985;ACC0202;BAC-0024;Eurytides;orabilis;orabilis;M;
986;ACC0203;BAC-0024;Eurytides;orabilis;isocharis;M;
987;ACC0204;BAC-0024;Protographium;dioxippus;-;M;
988;ACC0205;BAC-0024;Protographium;dioxippus;-;M;
989;ACC0206;BAC-0026;Protesilaus;protesilaus;archesilaus;M;
990;ACC0207;BAC-0026;Protesilaus;protesilaus;archesilaus;M;
991;ACC0208;BAC-0026;Protesilaus;protesilaus;archesilaus;F;
992;ACC0209;BAC-0026;Protesilaus;protesilaus;archesilaus;F;
993;ACC0210;BAC-0025;Protesilaus;helios;-;M;
994;ACC0211;BAC-0027;Protesilaus;glaucolaus;glaucolaus;M;
995;ACC0212;BAC-0027;Protesilaus;glaucolaus;glaucolaus;M;
996;ACC0213;BAC-0028;Protesilaus;molops;molops;M;
997;ACC0214;BAC-0028;Protesilaus;molops;molops;M;
998;ACC0215;BAC-0028;Protesilaus;molops;aetherius;F;
999;ACC0216;BAC-0028;Protesilaus;molops;megalurus;F;
1000;ACC0217;BAC-0029;Protesilaus;telesilaus;telesilaus;M;
1001;ACC0218;BAC-0029;Protesilaus;telesilaus;telesilaus;M;
1002;ACC0219;BAC-0029;Protesilaus;telesilaus;telesilaus;F;
1003;ACC0220;BAC-0030;Mimoides;ilus;-;M;
1004;ACC0221;BAC-0030;Mimoides;ilus;-;M;
1005;ACC0222;BAC-0031;Mimoides;euryleon;euryleon;F;
1006;ACC0223;BAC-0031;Mimoides;euryleon;euryleon;F;
1007;ACC0224;BAC-0031;Mimoides;euryleon;euryleon;M;
1008;ACC0225;BAC-0031;Mimoides;euryleon;euryleon;M;
1009;ACC0226;BAC-0032;Mimoides;lysithous;lysithous;M;
1010;ACC0227;BAC-0032;Mimoides;lysithous;lysithous;M;
1011;ACC0228;BAC-0032;Mimoides;lysithous;lysithous;F;
1012;ACC0229;BAC-0032;Mimoides;lysithous;lysithous;F;
1013;ACC0230;BAC-0033;Mimoides;pausanias;pausanias;M;
1014;ACC0231;BAC-0033;Mimoides;pausanias;pausanias;M;
1015;ACC0232;BAC-0034;Protographium;marcellus;marcellus;F;
1016;ACC0233;BAC-0034;Protographium;marcellus;marcellus;F;
1017;ACC0234;BAC-0034;Protographium;marcellus;marcellus;M;
1018;ACC0235;BAC-0034;Protographium;marcellus;marcellus;M;
1019;ACC0236;BAC-0035;Protographium;asius;-;M;
1020;ACC0237;BAC-0035;Protographium;asius;-;M;
1021;ACC0238;BAC-0035;Protographium;asius;-;F;
1022;ACC0239;BAC-0036;Protographium;epidaus;epidaus;M;
1023;ACC0240;BAC-0036;Protographium;epidaus;fenochionis;M;
1024;ACC0241;BAC-0036;Protographium;epidaus;fenochionis;F;
1025;ACC0242;BAC-0037;Protographium;leosthenes;leosthenes;M;
1026;ACC0243;BAC-0037;Protographium;leosthenes;leosthenes;M;
1027;ACC0244;BAC-0037;Protographium;leosthenes;leosthenes;F;
1028;ACC0245;BAC-0037;Protographium;leosthenes;leosthenes;F;
1029;ACC0246;BAC-0038;Protographium;leucaspis;lamis;M;
1030;ACC0247;BAC-0038;Protographium;leucaspis;lamis;M;
1031;ACC0248;BAC-0039;Protographium;philolaus;-;M;
1032;ACC0249;BAC-0039;Protographium;philolaus;-;M;
1033;ACC0250;BAC-0039;Protographium;philolaus;-;F;
1034;ACC0251;BAC-0040;Protographium;thyastes;thyastes;M;
1035;ACC0252;BAC-0040;Protographium;thyastes;thyastes;M;
1036;ACC0253;BAC-0041;Lamproptera;curius;-;M;
1037;ACC0254;BAC-0041;Lamproptera;curius;-;M;walkeri
1038;ACC0255;BAC-0041;Lamproptera;curius;-;F;walkeri
1039;ACC0256;BAC-0041;Lamproptera;curius;-;F;
1040;ACC0257;BAC-0041;Lamproptera;meges;-;M;virescens
1041;ACC0258;BAC-0041;Lamproptera;meges;-;M;virescens
1042;ACC0259;BAC-0041;Lamproptera;meges;-;F;virescens
1043;ACC0260;BAC-0042;Graphium;agamemnon;agamemnon;M;
1044;ACC0261;BAC-0042;Graphium;agamemnon;agamemnon;M;
1045;ACC0262;BAC-0043;Graphium;agamemnon;agamemnon;F;
1046;ACC0263;BAC-0043;Graphium;agamemnon;agamemnon;F;
1047;ACC0264;BAC-0044;Graphium;sarpedon;sarpedon;M;
1048;ACC0265;BAC-0044;Graphium;sarpedon;sarpedon;M;
1049;ACC0266;BAC-0045;Graphium;sarpedon;sarpedon;F;
1050;ACC0267;BAC-0045;Graphium;sarpedon;sarpedon;F;
1051;ACC0268;BAC-0046;Graphium;doson;doson;M;
1052;ACC0269;BAC-0046;Graphium;doson;doson;M;
1053;ACC0270;BAC-0046;Graphium;doson;doson;F;
1054;ACC0271;BAC-0046;Graphium;doson;doson;F;
1055;EL75300;EL-B4798;Graphium;arycles;arycles;F;
1056;EL75301;EL-B4798;Graphium;arycles;arycles;F;
1057;EL75302;EL-B4798;Graphium;arycles;arycles;M;
1058;EL75303;EL-B4798;Graphium;arycles;arycles;M;
1059;EL75304;EL-B4799;Graphium;bathycles;bathycles;M;
1060;EL75305;EL-B4799;Graphium;bathycles;bathycles;M;
1061;EL75306;EL-B4799;Graphium;eurypylus;eurypylus;M;
1062;EL75307;EL-B4799;Graphium;eurypylus;eurypylus;M;
1063;EL75308;EL-B4799;Graphium;meyeri;meyeri;M;
1064;EL75309;EL-B4799;Graphium;meyeri;meyeri;M;
1065;EL75310;EL-B4799;Graphium;meyeri;extremum;F;
1066;EL75311;EL-B4800;Graphium;chironides;chironides;M;
1067;EL75312;EL-B4800;Graphium;chironides;chironides;M;
1068;EL75313;EL-B4801;Graphium;antiphates;pompilius;M;
1069;EL75314;EL-B4801;Graphium;antiphates;pompilius;M;
1070;EL75315;EL-B4801;Graphium;antiphates;pompilius;F;
1071;EL75316;EL-B4802;Graphium;cloanthus;cloanthus;M;
1072;EL75317;EL-B4802;Graphium;cloanthus;cloanthus;M;
1073;EL75318;EL-B4802;Graphium;cloanthus;cloanthus;F;
1074;EL75319;EL-B4802;Graphium;cloanthus;cloanthus;F;
1075;EL75320;EL-B4803;Graphium; codrus; codrus;M;
1076;EL75321;EL-B4803;Graphium; codrus; codrus;F;
1077;EL75322;EL-B4803;Graphium; codrus;medon;M;
1078;EL75323;EL-B4803;Graphium; codrus;medon;F;
1079;EL75324;EL-B4804;Graphium;empedovana;-;M;
1080;EL75325;EL-B4804;Graphium;empedovana;-;M;
1081;EL75326;EL-B4805;Graphium;evemon;albociliatus;M;
1082;EL75327;EL-B4805;Graphium;evemon;albociliatus;M;
1083;EL75328;EL-B4806;Graphium;evemon;albociliatus;F;
1084;EL75329;EL-B4806;Graphium;evemon;albociliatus;F;
1085;EL75330;EL-B4807;Graphium;leechi;-;M;
1086;EL75331;EL-B4807;Graphium;wallacei;wallacei;M;
1087;EL75332;EL-B4807;Graphium;wallacei;wallacei;M;
1088;EL75333;EL-B4807;Graphium;wallacei;wallacei;F;
1089;EL75334;EL-B4808;Graphium;macfarlanei;macfarlanei;M;
1090;EL75335;EL-B4808;Graphium;macfarlanei;macfarlanei;M;
1091;EL75336;EL-B4808;Graphium;macfarlanei;macfarlanei;F;
1092;EL75337;EL-B4808;Graphium;macfarlanei;macfarlanei;F;
1093;EL75338;EL-B4809;Graphium;macleayanus;macleayanus;M;
1094;EL75339;EL-B4809;Graphium;macleayanus;macleayanus;M;
1095;EL75340;EL-B4809;Graphium;macleayanus;macleayanus;F;
1096;EL75341;EL-B4809;Graphium;macleayanus;macleayanus;F;
1097;EL75342;EL-B4809;Graphium;weiskei;-;M;
1098;EL75343;EL-B4809;Graphium;weiskei;-;M;
1099;EL75344;EL-B4809;Graphium;weiskei;-;F;
1100;EL75345;EL-B4809;Graphium;weiskei;-;F;
1101;EL75346;EL-B4810;Graphium;milon;milon;M;
1102;EL75347;EL-B4810;Graphium;milon;milon;M;
1103;EL75348;EL-B4811;Graphium;milon;anthedon;F;
1104;EL75349;EL-B4812;Graphium;adamastor;-;M;
1105;EL75350;EL-B4812;Graphium;adamastor;-;M;
1106;EL75351;EL-B4812;Graphium;adamastor;-;F;
1107;EL75352;EL-B4812;Graphium;adamastor;-;F;
1108;EL75353;EL-B4813;Graphium;angolanus;angolanus;M;
1109;EL75354;EL-B4813;Graphium;angolanus;angolanus;M;
1110;EL75355;EL-B4814;Graphium;angolanus;angolanus;F;
1111;EL75356;EL-B4814;Graphium;angolanus;angolanus;F;
1112;EL75357;EL-B4815;Graphium;latreillianus;theorini;F;
1113;EL75358;EL-B4815;Graphium;latreillianus;theorini;M;
1114;EL75359;EL-B4815;Graphium;latreillianus;theorini;M;
1115;EL75360;EL-B4816;Graphium;leonidas;leonidas;M;
1116;EL75361;EL-B4816;Graphium;leonidas;leonidas;M;
1117;EL75362;EL-B4816;Graphium;leonidas;leonidas;F;
1118;EL75363;EL-B4816;Graphium;leonidas;leonidas;F;
1119;EL75364;EL-B4817;Graphium;ridleyanus;ridleyanus;M;
1120;EL75365;EL-B4817;Graphium;ridleyanus;ridleyanus;M;
1121;EL75366;EL-B4818;Graphium;ridleyanus;ridleyanus;F;
1122;EL75367;EL-B4818;Graphium;ridleyanus;ridleyanus;F;
1123;EL75368;EL-B4819;Graphium;tynderaeus;-;M;
1124;EL75369;EL-B4819;Graphium;tynderaeus;-;M;
1125;EL75370;EL-B4820;Graphium;tynderaeus;-;F;
1126;EL75371;EL-B4820;Graphium;tynderaeus;-;F;
1127;EL75372;EL-B4821;Graphium;delessertii;delessertii;M;
1128;EL75373;EL-B4821;Graphium;delessertii;delessertii;M;
1129;EL75374;EL-B4822;Graphium;delessertii;delessertii;F;
1130;EL75375;EL-B4822;Graphium;delessertii;delessertii;F;
1131;EL75376;EL-B4823;Graphium;macareus;macareus;M;
1132;EL75377;EL-B4823;Graphium;macareus;macareus;M;
1133;EL75378;EL-B4823;Graphium;phidias;-;M;
1134;EL75379;EL-B4823;Graphium;phidias;-;M;
1135;EL75380;EL-B4824;Graphium;ramaceus;leucothoe;M;
1136;EL75381;EL-B4824;Graphium;ramaceus;leucothoe;M;
1137;EL75382;EL-B4825;Graphium;thule;-;M;
1138;EL75383;EL-B4825;Graphium;thule;-;M;
1139;EL75384;EL-B4826;Graphium;xenocles;xenocles;M;
1140;EL75385;EL-B4826;Graphium;xenocles;xenocles;M;
1141;EL75386;EL-B4827;Graphium;xenocles;xenocles;F;
1142;EL75387;EL-B4827;Graphium;xenocles;xenocles;F;
1143;EL75388;EL-B4828;Graphium;agetes;agetes;M;
1144;EL75389;EL-B4828;Graphium;agetes;agetes;M;
1145;EL75390;EL-B4828;Graphium;agetes;agetes;F;
1146;EL75391;EL-B4828;Graphium;agetes;agetes;F;
1147;EL75392;EL-B4829;Graphium;androcles;androcles;M;
1148;EL75393;EL-B4829;Graphium;androcles;androcles;M;
1149;EL75394;EL-B4830;Graphium;aristeus;anticrates;M;
1150;EL75395;EL-B4830;Graphium;aristeus;anticrates;M;
1151;EL75396;EL-B4829;Graphium;dorcus;dorcus;M;
1152;EL75397;EL-B4831;Graphium;nomius;nomius;M;
1153;EL75398;EL-B4831;Graphium;nomius;nomius;M;
1154;EL75399;EL-B4831;Graphium;nomius;nomius;F;
1155;EL75400;EL-B4832;Graphium;nomius;nomius;F;
1156;EL75401;EL-B4833;Graphium;eurous;asakurae;M;
1157;EL75402;EL-B4833;Graphium;eurous;asakurae;F;
1158;EL75403;EL-B4833;Graphium;eurous;casehmirensis;M;
1159;EL75404;EL-B4833;Graphium;eurous;casehmirensis;F;
1160;EL75405;EL-B4834;Graphium;glycerion;-;M;
1161;EL75406;EL-B4834;Graphium;glycerion;-;M;
1162;EL75407;EL-B4835;Allancastria;cerisyi;cerisyi;M;
1163;EL75408;EL-B4835;Allancastria;cerisyi;cerisyi;M;
1164;EL75409;EL-B4835;Allancastria;cerisyi;cerisyi;F;
1165;EL75410;EL-B4835;Allancastria;cerisyi;cerisyi;F;
1166;EL75411;EL-B4836;Allancastria;cretica;cretica;M;
1167;EL75412;EL-B4836;Allancastria;cretica;cretica;M;
1168;EL75413;EL-B4836;Allancastria;cretica;cretica;F;
1169;EL75414;EL-B4836;Allancastria;cretica;cretica;F;
1170;EL75415;EL-B4837;Allancastria;deyrollei;deyrollei;M;
1171;EL75416;EL-B4837;Allancastria;deyrollei;deyrollei;M;
1172;EL75417;EL-B4837;Allancastria;deyrollei;deyrollei;F;pallidior
1173;EL75418;EL-B4837;Allancastria;deyrollei;deyrollei;F;albidior
1174;EL75419;EL-B4837;Allancastria;deyrollei;deyrollei;F;typique
1175;EL75420;EL-B4837;Allancastria;deyrollei;deyrollei;F;obscurior
1176;EL75421;EL-B4835;Allancastria;louristana;-;M;
1177;EL75422;EL-B4835;Allancastria;louristana;-;M;
1178;EL75423;EL-B4838;Zerynthia;polyxena;-;F;
1179;EL75424;EL-B4838;Zerynthia;polyxena;-;F;
1180;EL75425;EL-B4838;Zerynthia;polyxena;-;M;
1181;EL75426;EL-B4838;Zerynthia;polyxena;-;M;
1182;EL75427;EL-B4839;Zerynthia;rumina;rumina;M;
1183;EL75428;EL-B4839;Zerynthia;rumina;rumina;M;
1184;EL75429;EL-B4839;Zerynthia;rumina;rumina;F;
1185;EL75430;EL-B4839;Zerynthia;rumina;rumina;F;
1186;EL75431;EL-B4840;Bhutanitis;lidderdalii;-;M;
1187;EL75432;EL-B4840;Bhutanitis;lidderdalii;-;M;
1188;EL75433;EL-B4840;Bhutanitis;thaidina;-;F;
1189;EL75434;EL-B4840;Bhutanitis;thaidina;-;M;
1190;EL75435;EL-B4840;Bhutanitis;thaidina;-;M;
1191;EL75436;EL-B4841;Sericinus;montela;montela;M;
1192;EL75437;EL-B4841;Sericinus;montela;montela;M;
1193;EL75438;EL-B4841;Sericinus;montela;montela;F;
1194;EL75439;EL-B4842;Sericinus;montela;montela;F;
1195;EL75440;EL-B4843;Archon;apollinus;apollinus;M;
1196;EL75441;EL-B4843;Archon;apollinus;apollinus;M;
1197;EL75442;EL-B4843;Archon;apollinus;apollinus;F;
1198;EL75443;EL-B4843;Archon;apollinus;apollinus;F;
1199;EL75444;EL-B4844;Archon;apollinaris;-;M;
1200;EL75445;EL-B4844;Archon;apollinaris;-;M;
1201;EL75446;EL-B4844;Archon;apollinaris;-;F;
1202;EL75447;EL-B4844;Archon;apollinaris;-;F;
1203;EL75448;EL-B4845;Luehdorfia;puziloi;-;F;
1204;EL75449;EL-B4845;Luehdorfia;puziloi;-;F;
1205;EL75450;EL-B4845;Luehdorfia;chinensis;-;F;
1206;EL75451;EL-B4845;Luehdorfia;chinensis;-;F;
1207;ACC0272;EL-B4845;Luehdorfia;puziloi;-;M;
1208;ACC0273;EL-B4845;Luehdorfia;puziloi;-;M;
1209;ACC0274;EL-B4845;Luehdorfia;chinensis;-;M;
1210;ACC0275;EL-B4845;Luehdorfia;chinensis;-;M;
1211;ACC0276;EL-B4845;Luehdorfia;japonica;-;M;
1212;ACC0277;EL-B4845;Luehdorfia;japonica;-;M;
1213;ACC0278;EL-B4845;Luehdorfia;japonica;-;F;
1214;ACC0279;EL-B4845;Luehdorfia;japonica;-;F;
1215;ACC0280;B0003930;Hypermnestra;helios;maxima;M;
1216;ACC0281;B0003930;Hypermnestra;helios;maxima;M;
1217;ACC0282;B0003930;Hypermnestra;helios;maxima;F;
1218;ACC0283;B0003930;Hypermnestra;helios;maxima;F;
1219;ACC0284;EL-B4846;Parnassius;ariadne;clarius;M;
1220;ACC0285;EL-B4846;Parnassius;ariadne;clarius;M;
1221;ACC0286;EL-B4846;Parnassius;ariadne;clarius;F;
1222;ACC0287;EL-B4846;Parnassius;ariadne;clarius;F;
1223;ACC0288;EL-B4847;Parnassius;clodius;clodius;M;
1224;ACC0289;EL-B4847;Parnassius;clodius;clodius;M;
1225;ACC0290;EL-B4847;Parnassius;clodius;clodius;F;
1226;ACC0291;EL-B4847;Parnassius;clodius;clodius;F;
1227;ACC0292;EL-B4848;Parnassius;mnemosyne ;hunti;M;
1228;ACC0293;EL-B4848;Parnassius;mnemosyne ;hunti;M;
1229;ACC0294;EL-B4848;Parnassius;mnemosyne ;hunti;F;
1230;ACC0295;EL-B4848;Parnassius;mnemosyne ;hunti;F;
1231;ACC0296;EL-B4849;Parnassius;eversmanni;eversmanni;M;
1232;ACC0297;EL-B4849;Parnassius;eversmanni;eversmanni;M;
1233;ACC0298;EL-B4849;Parnassius;eversmanni;eversmanni;F;
1234;ACC0299;EL-B4849;Parnassius;eversmanni;eversmanni;F;
1235;ACC0300;EL-B4850;Parnassius;glacialis;naganonsis;M;
1236;ACC0301;EL-B4850;Parnassius;glacialis;naganonsis;M;
1237;ACC0302;EL-B4850;Parnassius;glacialis;naganonsis;F;
1238;ACC0303;EL-B4850;Parnassius;glacialis;naganonsis;F;
1239;ACC0304;EL-B4850;Parnassius;hoenei;-;M;
1240;ACC0305;EL-B4850;Parnassius;hoenei;-;M;
1241;ACC0306;EL-B4851;Parnassius;stubbendorfii;stubbendorfii;M;
1242;ACC0307;EL-B4851;Parnassius;stubbendorfii;stubbendorfii;M;
1243;ACC0308;EL-B4851;Parnassius;stubbendorfii;stubbendorfii;F;
1244;ACC0309;EL-B4851;Parnassius;stubbendorfii;stubbendorfii;F;
1245;ACC0310;EL-B4852;Parnassius;nordmanni;nordmanni;M;
1246;ACC0311;EL-B4852;Parnassius;nordmanni;nordmanni;M;
1247;ACC0312;EL-B4852;Parnassius;nordmanni;nordmanni;F;
1248;ACC0313;EL-B4852;Parnassius;nordmanni;nordmanni;F;
1249;ACC0314;EL-B4853;Parnassius;orleans;orleans;M;
1250;ACC0315;EL-B4853;Parnassius;orleans;orleans;M;
1251;ACC0316;EL-B4853;Parnassius;orleans;orleans;F;
1252;ACC0317;EL-B4853;Parnassius;orleans;orleans;F;
1253;ACC0318;EL-B4854;Parnassius;autocrator;-;M;
1254;ACC0319;EL-B4854;Parnassius;autocrator;-;M;
1255;ACC0320;EL-B4854;Parnassius;autocrator;-;F;
1256;ACC0321;EL-B4854;Parnassius;autocrator;-;F;
1257;ACC0322;EL-B4854;Parnassius;loxias;loxias;M;
1258;ACC0323;EL-B4855;Parnassius;charltonius;romanovi;M;
1259;ACC0324;EL-B4855;Parnassius;charltonius;romanovi;M;
1260;ACC0325;EL-B4855;Parnassius;charltonius;romanovi;F;
1261;ACC0326;EL-B4855;Parnassius;charltonius;romanovi;F;
1262;ACC0327;EL-B4856;Parnassius;inopinatus;-;M;
1263;ACC0328;EL-B4856;Parnassius;inopinatus;-;M;
1264;ACC0329;EL-B4856;Parnassius;inopinatus;-;F;
1265;ACC0330;EL-B4856;Parnassius;inopinatus;-;F;
1266;ACC0331;EL-B4857;Parnassius;augustus;-;M;
1267;ACC0332;EL-B4857;Parnassius;augustus;-;F;
1268;ACC0333;EL-B4857;Parnassius;augustus;-;F;
1269;ACC0334;EL-B4858;Parnassius;imperator;imperator;M;
1270;ACC0335;EL-B4858;Parnassius;imperator;imperator;M;
1271;ACC0336;EL-B4858;Parnassius;imperator;imperator;F;
1272;ACC0337;EL-B4858;Parnassius;imperator;imperator;F;
1273;ACC0338;EL-B4859;Parnassius;acdestis;macdonaldi;M;
1274;ACC0339;EL-B4859;Parnassius;acdestis;macdonaldi;M;
1275;ACC0340;EL-B4860;Parnassius;maximinus;-;M;
1276;ACC0341;EL-B4860;Parnassius;maximinus;-;M;
1277;ACC0342;EL-B4860;Parnassius;maximinus;-;F;
1278;ACC0343;EL-B4860;Parnassius;maximinus;-;F;
1279;ACC0344;EL-B4861;Parnassius;stenosemus;-;M;
1280;ACC0345;EL-B4862;Parnassius;delphius;albulus;M;
1281;ACC0346;EL-B4862;Parnassius;delphius;albulus;M;
1282;ACC0347;EL-B4862;Parnassius;delphius;albulus;F;
1283;ACC0348;EL-B4862;Parnassius;delphius;albulus;F;
1284;ACC0349;EL-B4864;Parnassius;cardinal;-;M;
1285;ACC0350;EL-B4864;Parnassius;cardinal;-;M;
1286;ACC0351;EL-B4864;Parnassius;cardinal;-;F;
1287;ACC0352;EL-B4864;Parnassius;cardinal;-;F;
1288;ACC0353;EL-B4859;Parnassius;patricius;kardacoffi;M;
1289;ACC0354;EL-B4863;Parnassius;staudingeri;-;M;
1290;ACC0355;EL-B4863;Parnassius;staudingeri;-;M;
1291;ACC0356;EL-B4863;Parnassius;staudingeri;-;F;
1292;ACC0357;EL-B4863;Parnassius;staudingeri;-;F;
1293;ACC0358;EL-B4865;Parnassius;andreji;-;F;
1294;ACC0359;EL-B4865;Parnassius;simo;simo;M;
1295;ACC0360;EL-B4865;Parnassius;simo;gylippus;M;
1296;ACC0361;EL-B4865;Parnassius;simo;colosseus;F;
1297;ACC0362;EL-B4865;Parnassius;simo;albifer;F;
1298;ACC0363;EL-B4866;Parnassius;simonius;simonius;M;
1299;ACC0364;EL-B4866;Parnassius;simonius;simonius;M;
1300;ACC0365;EL-B4866;Parnassius;simonius;simonius;F;
1301;ACC0366;EL-B4867;Parnassius;tenedius;tenedius;M;
1302;ACC0367;EL-B4867;Parnassius;tenedius;tenedius;M;
1303;ACC0368;EL-B4867;Parnassius;tenedius;tenedius;F;
1304;ACC0369;EL-B4867;Parnassius;tenedius;tenedius;F;
1305;ACC0370;EL-B4868;Parnassius;actius;actius;M;
1306;ACC0371;EL-B4868;Parnassius;actius;actius;M;
1307;ACC0372;EL-B4868;Parnassius;actius;actius;F;
1308;ACC0373;EL-B4868;Parnassius;actius;actius;F;
1309;ACC0374;EL-B4869;Parnassius;tianschanicus;tianschanicus;M;
1310;ACC0375;EL-B4869;Parnassius;tianschanicus;tianschanicus;M;
1311;ACC0376;EL-B4869;Parnassius;tianschanicus;tianschanicus;F;
1312;ACC0377;EL-B4869;Parnassius;tianschanicus;tianschanicus;F;
1313;ACC0378;EL-B4870;Parnassius;epaphus;epaphus;M;
1314;ACC0379;EL-B4870;Parnassius;epaphus;epaphus;M;
1315;ACC0380;EL-B4870;Parnassius;epaphus;epaphus;F;
1316;ACC0381;EL-B4870;Parnassius;epaphus;epaphus;F;
1317;ACC0382;EL-B4871;Parnassius;nomion;nomion;M;
1318;ACC0383;EL-B4871;Parnassius;nomion;nomion;M;
1319;ACC0384;EL-B4871;Parnassius;nomion;nomion;F;
1320;ACC0385;EL-B4871;Parnassius;nomion;nomion;F;
1321;ACC0386;EL-B4872;Parnassius;jacquemontii;himalayensis;M;
1322;ACC0387;EL-B4872;Parnassius;jacquemontii;himalayensis;M;
1323;ACC0388;EL-B4872;Parnassius;jacquemontii;himalayensis;F;
1324;ACC0389;EL-B4872;Parnassius;jacquemontii;himalayensis;F;
1325;ACC0390;EL-B4873;Parnassius;apollonius;alpinus;M;
1326;ACC0391;EL-B4873;Parnassius;apollonius;alpinus;M;
1327;ACC0392;EL-B4873;Parnassius;apollonius;alpinus;F;
1328;ACC0393;EL-B4873;Parnassius;apollonius;alpinus;F;
1329;ACC0394;EL-B4874;Parnassius;honrathi;honrathi;M;
1330;ACC0395;EL-B4874;Parnassius;honrathi;honrathi;M;
1331;ACC0396;EL-B4874;Parnassius;honrathi;honrathi;F;
1332;ACC0397;EL-B4874;Parnassius;honrathi;honrathi;F;
1333;ACC0398;EL-B4875;Parnassius;apollo;apollo;M;
1334;ACC0399;EL-B4875;Parnassius;apollo;apollo;M;
1335;ACC0400;EL-B4875;Parnassius;apollo;apollo;F;
1336;ACC0401;EL-B4875;Parnassius;apollo;apollo;F;
1337;ACC0402;EL-B4876;Parnassius;behrii;behrii;M;
1338;ACC0403;EL-B4876;Parnassius;behrii;behrii;M;
1339;ACC0404;EL-B4877;Parnassius;phoebus;phoebus;M;
1340;ACC0405;EL-B4877;Parnassius;phoebus;phoebus;M;
1341;ACC0406;EL-B4877;Parnassius;phoebus;phoebus;F;
1342;ACC0407;EL-B4877;Parnassius;phoebus;phoebus;F;
1343;ACC0408;EL-B4878;Parnassius;smintheus;-;M;
1344;ACC0409;EL-B4878;Parnassius;smintheus;-;M;
1345;ACC0410;EL-B4878;Parnassius;smintheus;-;F;
1346;ACC0411;EL-B4878;Parnassius;smintheus;-;F;
1347;ACC0412;EL-B4879;Parnassius;bremeri;bremeri;M;
1348;ACC0413;EL-B4879;Parnassius;bremeri;bremeri;M;
1349;ACC0414;EL-B4879;Parnassius;bremeri;bremeri;F;
1350;ACC0415;EL-B4879;Parnassius;bremeri;bremeri;F;
1351;ACC0416;EL-B4880;Parnassius;sacerdos;-;M;
1352;ACC0417;EL-B4880;Parnassius;sacerdos;-;M;
1353;ACC0418;EL-B4880;Parnassius;sacerdos;-;F;
1354;ACC0419;EL-B4880;Parnassius;sacerdos;-;F;
1355;ACC0420;EL-B4881;Parnassius;acco;pundjabensis;M;
1356;ACC0421;EL-B4881;Parnassius;acco;pundjabensis;M;
1357;ACC0422;EL-B4881;Parnassius;acco;pundjabensis;F;
1358;ACC0423;EL-B4881;Parnassius;acco;pundjabensis;F;
1359;ACC0424;EL-B4881;Parnassius;hannyngtoni;-;M;
1360;ACC0425;EL-B4881;Parnassius;hannyngtoni;-;F;
1361;ACC0426;EL-B4882;Parnassius;szechenyii;szechenyii;M;
1362;ACC0427;EL-B4882;Parnassius;szechenyii;szechenyii;M;
1363;ACC0428;EL-B4882;Parnassius;szechenyii;szechenyii;F;
1364;ACC0429;EL-B4882;Parnassius;szechenyii;szechenyii;F;
1365;ACC0430;EL-B4883;Parnassius;hardwickii;hardwickii;M;
1366;ACC0431;EL-B4883;Parnassius;hardwickii;hardwickii;M;
1367;ACC0432;EL-B4883;Parnassius;hardwickii;hardwickii;F;
1368;ACC0433;EL-B4883;Parnassius;hardwickii;hardwickii;F;
1369;ACC0435;EL-B4884;Papilio;antimachus;-;F;
